,country,country_code,2000,2001,2002,2003,2004,2005,2006,2007,2008,2009,2010,2011,2012,2013,2014,2015,2016,2017,2018,2019
0,Aruba,ABW,,,,,,,,,,,,,,,,,,,,
1,Africa Eastern and Southern,AFE,10.8817220324487,10.512551002347301,10.3734339851292,10.229878797308901,10.0082016280098,9.86433920324968,9.702909127558481,9.66493051816377,9.89384904256576,9.852882893046221,9.46778022053112,9.06369754803709,8.85979030525381,8.749413802568471,8.56586940315826,8.47956519380182,8.32465933832411,8.24406169639093,8.12888431481776,8.03629338807931
2,Afghanistan,AFG,4.9,5.0,5.0,5.0,5.0,5.0,4.9,4.8,4.6,4.4,4.3,4.1,4.0,4.0,3.9,4.0,4.0,4.1,4.1,4.1
3,Africa Western and Central,AFW,6.80357120756122,6.719544870066231,6.611608922118481,6.599238373724519,6.5625764255531704,6.56831355306242,6.57337693367305,6.56171142686335,6.44344698546741,6.44392598771953,6.4185813976565305,6.391095628208281,6.30117554600631,6.200686429513849,5.998003147126041,5.76856597656181,5.6727009571238804,5.5581445398922,5.429821054061611,5.40949890228626
4,Angola,AGO,8.7,8.6,8.6,8.8,8.6,8.1,8.6,7.4,7.5,6.7,7.0,6.6,6.9,6.9,6.4,6.5,6.2,6.0,6.0,6.1
5,Albania,ALB,4.9,4.5,4.6,4.8,4.8,7.5,7.8,8.1,8.2,8.1,7.8,7.9,5.2,5.3,5.0,4.8,4.7,4.7,4.5,4.3
6,Andorra,AND,,,,,,,,,,,,,,,,,,,,
7,Arab World,ARB,4.5882546272629,4.5984885965151605,4.54687451358257,4.496885528171839,4.447685993017941,4.4446614803017495,4.41544484606833,4.427816546649789,4.4658493521577505,4.474988356858139,4.50705755204066,4.57328965207767,4.584722858289481,4.502490724602941,4.44116570993517,4.33351647699615,4.25802950958722,4.17946185166376,4.21268374781295,4.18032530134748
8,United Arab Emirates,ARE,8.6,8.6,8.0,7.5,7.7,7.9,8.3,8.3,8.5,8.5,8.4,8.2,7.9,7.5,7.0,6.5,6.0,5.6,6.0,6.4
9,Argentina,ARG,9.1,10.3,10.2,9.7,8.7,8.6,8.6,8.3,8.7,8.4,8.6,8.5,9.1,8.6,9.3,8.3,8.3,8.9,9.2,8.4
10,Armenia,ARM,3.4,3.1,3.5,2.6,4.0,4.2,5.9,5.8,4.8,4.8,6.8,6.8,7.4,6.4,6.3,6.2,5.7,3.0,2.1,3.3
11,American Samoa,ASM,,,,,,,,,,,,,,,,,,,,
12,Antigua and Barbuda,ATG,1.9,1.9,1.3,1.3,1.7,1.3,0.5,0.4,0.3,0.0,0.2,0.2,0.0,0.0,0.4,0.4,0.5,0.0,0.4,0.4
13,Australia,AUS,12.7,12.2,11.3,10.5,10.3,11.2,10.6,10.9,11.6,11.2,11.7,11.2,11.7,11.5,12.7,13.2,12.2,13.1,12.4,12.5
14,Austria,AUT,19.9,18.6,19.3,18.2,17.5,17.2,16.4,16.0,15.8,16.0,16.1,16.5,16.3,16.2,16.5,16.0,15.5,15.4,15.7,14.6
15,Azerbaijan,AZE,3.1,3.4,3.6,3.8,4.3,4.5,4.7,4.9,4.7,4.6,4.6,4.5,4.4,4.3,4.2,4.1,4.0,4.0,4.0,4.1
16,Burundi,BDI,11.7,10.8,10.2,9.7,9.2,8.9,8.9,8.4,7.9,7.7,7.6,7.4,7.1,7.0,6.7,6.4,6.4,6.4,6.3,6.2
17,Belgium,BEL,22.0,22.3,20.9,21.5,20.2,20.7,20.2,18.7,20.3,20.6,20.5,21.1,20.8,19.5,19.4,18.6,19.3,18.9,18.7,18.3
18,Benin,BEN,8.8,8.8,8.8,8.8,8.8,8.7,8.6,8.5,8.2,8.5,8.4,8.5,8.3,8.3,8.2,8.1,8.0,8.0,7.9,7.8
19,Burkina Faso,BFA,8.6,8.2,8.0,7.9,8.0,8.0,8.1,8.1,8.0,8.0,8.0,7.9,8.3,8.3,8.0,8.0,7.8,7.7,7.6,7.5
20,Bangladesh,BGD,6.0,5.7,5.3,5.1,4.9,4.9,5.0,4.9,4.7,4.6,4.4,4.0,3.7,3.5,3.5,3.4,3.4,3.5,3.6,3.7
21,Bulgaria,BGR,18.2,17.5,17.5,15.1,14.2,13.3,13.4,12.5,13.2,12.3,12.4,11.0,12.5,10.5,10.4,9.8,9.7,10.3,9.7,9.7
22,Bahrain,BHR,6.6,8.8,9.2,10.2,10.2,10.3,8.2,9.6,9.2,8.6,8.2,7.9,7.4,7.1,7.4,7.4,7.7,8.1,8.6,8.9
23,"Bahamas, The",BHS,2.3,2.5,2.3,2.4,3.2,3.0,3.5,3.2,3.3,3.3,3.6,3.7,3.5,3.1,3.3,3.5,3.6,3.4,3.5,3.5
24,Bosnia and Herzegovina,BIH,9.0,9.4,9.8,9.9,10.0,10.8,10.7,11.5,10.8,10.7,10.5,10.6,10.4,10.6,10.6,10.7,10.5,10.5,10.8,10.9
25,Belarus,BLR,41.8,43.3,44.3,42.9,42.1,43.5,40.9,36.8,36.7,36.5,35.9,36.2,29.9,27.9,26.3,24.3,24.2,23.3,22.8,21.2
26,Belize,BLZ,7.4,6.0,6.1,6.3,6.9,5.4,5.6,5.2,4.4,6.2,6.9,6.8,6.3,5.9,6.0,6.0,5.8,7.0,6.5,7.1
27,Bermuda,BMU,,,,,,,,,,,,,,,,,,,,
28,Bolivia,BOL,6.9,6.6,6.6,6.4,6.3,6.3,5.9,6.1,6.0,6.0,6.0,6.1,6.0,6.0,6.2,6.4,6.6,6.4,6.3,6.2
29,Brazil,BRA,4.0,4.4,4.4,4.3,4.4,4.7,4.7,4.9,5.1,5.1,5.0,5.2,5.4,5.6,5.6,5.9,6.0,6.6,7.0,6.9
30,Barbados,BRB,2.6,1.6,0.3,1.2,1.4,2.9,1.6,1.5,1.0,1.5,1.6,1.0,0.5,0.3,0.6,0.6,0.6,0.6,0.6,0.6
31,Brunei Darussalam,BRN,1.9,1.3,1.6,1.6,1.9,2.2,2.9,2.6,2.1,1.8,1.3,1.9,2.1,1.8,1.8,1.9,2.6,3.3,3.1,2.7
32,Bhutan,BTN,4.8,4.9,4.7,4.6,4.5,4.5,4.5,4.4,4.3,4.3,4.2,4.3,4.3,4.4,4.4,4.5,4.5,4.6,4.6,4.6
33,Botswana,BWA,35.3,34.5,32.7,31.2,31.8,34.0,32.0,29.3,28.4,25.1,24.4,22.7,22.6,21.6,19.6,19.0,17.8,17.4,17.4,16.1
34,Central African Republic,CAF,19.0,17.7,17.4,16.4,15.7,15.1,15.7,15.4,15.1,16.0,15.8,15.4,14.7,14.9,15.6,14.4,13.7,14.3,12.8,12.3
35,Canada,CAN,11.9,12.2,11.9,12.4,11.7,12.2,11.2,11.5,11.5,12.0,12.1,11.3,11.8,12.1,12.7,13.0,11.9,13.0,12.0,11.8
36,Central Europe and the Baltics,CEB,19.622811567892803,18.959355848657,19.1672383175238,18.733040960592,18.433930179402,18.0394020445369,17.3411855404999,16.2963760017342,16.9838106884236,18.038475519314197,17.8168172731795,17.2739908584517,17.722387300532397,17.016254404937698,16.1696054460136,15.4089357736803,14.039058542650302,13.8153828460204,13.350387961292698,12.521257197258599
37,Switzerland,CHE,20.2,19.6,20.9,18.7,18.5,19.0,18.8,19.5,18.8,16.0,14.5,14.6,14.7,15.1,14.7,15.0,14.1,14.6,14.5,14.5
38,Channel Islands,CHI,,,,,,,,,,,,,,,,,,,,
39,Chile,CHL,10.3,10.3,9.6,9.7,10.1,9.7,10.0,11.0,12.2,12.7,11.6,11.7,10.5,9.8,9.9,10.0,10.0,9.3,8.8,9.0
40,China,CHN,14.3,12.9,12.2,12.8,13.3,12.9,12.1,11.5,11.1,10.7,10.2,9.6,9.0,8.6,8.4,8.1,8.2,8.1,8.1,8.1
41,Cote d'Ivoire,CIV,14.1,13.3,12.7,12.4,12.1,11.5,11.6,11.5,10.6,11.0,11.4,11.1,11.3,11.1,10.5,10.0,9.6,9.2,9.0,8.9
42,Cameroon,CMR,10.7,10.8,10.6,10.8,10.7,11.4,11.7,11.4,11.2,11.1,10.8,10.8,10.6,10.4,10.0,9.5,9.2,9.0,8.9,9.0
43,"Congo, Dem. Rep.",COD,7.9,7.7,7.7,7.7,7.6,7.5,7.4,7.2,7.1,7.3,7.2,7.1,6.9,6.8,6.7,6.6,6.5,6.5,6.7,6.7
44,"Congo, Rep.",COG,14.5,12.4,11.0,10.1,10.2,9.7,9.6,9.3,8.9,9.3,9.0,8.7,8.9,8.2,7.5,6.8,6.7,6.6,6.5,6.5
45,Colombia,COL,5.0,4.9,4.7,4.6,4.5,4.1,4.1,4.1,4.2,4.1,3.8,3.7,3.8,3.7,3.8,4.1,4.2,4.7,4.0,3.9
46,Comoros,COM,6.3,6.2,5.9,5.8,5.5,5.4,5.4,5.3,5.4,5.0,5.6,5.1,5.2,5.2,5.5,5.5,5.5,5.4,5.4,5.4
47,Cabo Verde,CPV,12.0,12.1,12.3,12.4,12.8,13.2,13.1,13.5,14.0,14.4,14.8,14.8,14.9,14.6,14.4,14.4,14.4,14.2,13.4,12.9
48,Costa Rica,CRI,6.4,5.2,7.0,7.9,8.1,6.6,8.4,5.7,5.5,5.6,6.9,6.9,6.6,6.7,5.6,6.7,7.7,6.1,7.2,8.1
49,Caribbean small states,CSS,10.090245842300499,10.5244038161477,10.242119902779,9.68860510808507,9.535809187306,9.311821892841369,8.98550219330499,9.028669312155131,9.47640803222975,9.360924693053882,9.42087731393831,9.11256637737425,9.30277851579554,9.78358785701391,9.65019358792985,9.64935309609345,9.53574643854591,9.63446446201467,9.72597573002399,9.82628287062887
50,Cuba,CUB,17.2,15.3,14.7,13.8,13.9,12.9,12.7,12.2,12.9,13.7,14.4,14.1,13.8,13.9,13.4,14.0,13.4,14.5,14.3,14.5
51,Curacao,CUW,,,,,,,,,,,,,,,,,,,,
52,Cayman Islands,CYM,,,,,,,,,,,,,,,,,,,,
53,Cyprus,CYP,2.0,2.1,2.2,2.2,0.9,2.6,3.5,3.1,6.1,4.5,5.3,4.3,5.4,5.7,5.4,4.7,4.6,3.7,4.2,3.6
54,Czech Republic,CZE,16.3,16.2,15.4,17.0,16.3,15.8,14.5,14.1,14.2,15.0,15.0,16.1,16.7,15.7,14.8,13.6,13.0,13.9,13.6,12.2
55,Germany,DEU,14.5,14.5,14.6,14.4,14.0,13.3,12.8,12.4,12.5,12.8,13.2,13.2,12.9,13.4,13.4,13.3,13.0,12.6,12.9,12.3
56,Djibouti,DJI,7.2,7.0,7.3,7.4,7.5,7.6,7.5,7.5,7.6,7.8,8.2,8.5,8.7,9.0,9.2,9.0,9.3,9.7,9.7,9.6
57,Dominica,DMA,,,,,,,,,,,,,,,,,,,,
58,Denmark,DNK,15.6,15.8,14.9,13.6,14.2,14.8,14.7,12.6,13.1,12.9,11.8,12.6,12.8,12.1,12.0,10.9,10.9,11.3,11.4,10.7
59,Dominican Republic,DOM,3.9,3.9,4.1,4.4,4.5,4.8,4.7,4.8,4.8,4.9,4.7,4.9,5.2,5.5,6.1,6.4,6.4,5.7,5.2,4.9
60,Algeria,DZA,4.5,4.5,4.4,4.1,4.0,3.9,3.7,3.5,3.4,3.2,3.0,3.0,2.9,2.9,2.8,2.7,2.6,2.5,2.5,2.5
61,East Asia & Pacific (excluding high income),EAP,11.520155226651198,10.4578031345648,9.95770672110057,10.33853673858,10.6672124682126,10.3062146855782,9.73196308921516,9.293987890979661,8.99760729865082,8.71029803557461,8.35605184872013,7.95700584235827,7.51409949790529,7.22394818743896,7.07737590369179,6.8890384453386195,6.96485143135236,6.877386932499321,6.869480454159089,6.862098833280081
62,Early-demographic dividend,EAR,10.847024575402,10.6560040735128,10.4204343634235,10.0394112397758,9.937010419902949,10.0351023564325,10.035786335800301,9.912246866365301,9.86168539885717,9.59485823650711,9.56631528759945,9.57055792941515,9.35533578999506,9.081543751137179,8.69993107947965,8.460944951688349,8.346899500833981,8.30232319687811,8.4823218945933,8.47105731803597
63,East Asia & Pacific,EAS,12.3811403972816,11.396739754737,11.0483029194484,11.609260995580803,11.831037597883899,11.5478464916464,10.925991301592,10.6588007981306,10.3994424649956,10.284927286228301,9.91184579315544,9.5064546282922,8.907587921549052,8.629736449756269,8.39078534518683,8.138298157807009,8.08383900407206,7.94978666424466,7.97520193727405,7.891563465832941
64,Europe & Central Asia (excluding high income),ECA,31.4590069443109,30.4443388262416,30.1247000578182,29.4708674842169,28.6364714927272,28.4041871600632,26.0090975311148,24.5946810606845,23.9199185981172,22.2818260809897,21.8520491002628,20.644350675507603,19.9432124654688,19.3427104990142,19.397651989558,18.272625939716,17.6504054330827,16.1455824751509,15.8942599802403,14.963403043065698
65,Europe & Central Asia,ECS,22.030557803533398,21.385373843120398,21.254614925432197,20.8512995132908,20.336368567497,20.0379565213857,18.703568419112603,17.801025926427897,17.7145680500444,17.1420215763022,16.8201287429206,16.340499585493,16.074489570502,15.814586865875402,15.623216356035302,14.9767840400455,14.390942810446802,13.6799111149175,13.445965562402598,12.818369431458098
66,Ecuador,ECU,6.4,6.9,7.9,8.5,9.0,9.9,10.0,10.2,10.5,10.5,9.9,9.8,10.1,9.6,8.8,8.8,9.0,9.2,8.1,7.6
67,"Egypt, Arab Rep.",EGY,3.1,3.2,3.2,3.2,3.1,3.1,3.1,3.1,3.1,3.1,3.2,3.3,3.4,3.4,3.3,3.3,3.2,3.0,3.0,3.0
68,Euro area,EMU,13.9313235435739,13.630663554148901,13.8064132233734,13.7465007987441,13.2987012834585,12.883675900197801,12.4522292978406,12.0304667897139,12.353580752179198,12.553745736261199,12.4027383294416,12.502468005035501,12.5505148249714,12.5992719351822,12.261068637276699,12.036798621285401,11.6309399092471,11.650351613971601,11.413801762213199,11.147194729133401
69,Eritrea,ERI,14.5,14.0,13.7,12.8,13.0,13.1,13.2,12.9,13.3,13.0,12.7,12.5,12.3,12.0,11.7,11.6,11.5,11.3,11.3,10.9
70,Spain,ESP,8.6,8.0,8.3,8.5,8.5,8.0,7.5,7.4,7.8,7.6,6.9,7.1,7.7,8.5,8.6,7.9,7.8,8.2,7.8,7.7
71,Estonia,EST,29.1,30.3,29.3,26.3,26.5,22.6,20.9,21.4,19.4,23.3,18.8,18.2,21.1,18.9,19.5,15.9,15.7,18.7,15.3,14.9
72,Ethiopia,ETH,9.7,9.3,8.9,8.6,8.3,8.1,7.8,7.7,7.6,7.4,7.1,6.7,6.1,5.7,5.5,5.5,5.5,5.4,5.4,5.4
73,European Union,EUU,14.8681077319369,14.5328240425837,14.695478372873199,14.5275470173934,14.1754971497528,13.819436046924,13.3695476413401,12.8014084392495,13.205550322725198,13.5849582010866,13.430051620785301,13.3799584534428,13.551631925193698,13.4171836034635,12.9696013199973,12.636876057518199,12.011260668615902,11.991427718370499,11.7575625828075,11.3427680473233
74,Fragile and conflict affected situations,FCS,6.60385473673062,6.471356257455291,6.36726661917325,6.27517027882043,6.22528636439011,6.20811929422016,6.13638730478942,6.13079659762573,6.11377547475475,6.14688612446401,6.07989852904322,6.00256396172518,5.84862188800532,5.698158927106809,5.538366576237861,5.43091396007087,5.362052559969349,5.27185814928522,5.24752342219443,5.235514778696941
75,Finland,FIN,24.3,24.1,22.0,21.7,21.2,19.9,21.0,19.7,20.6,20.4,18.6,17.9,17.0,17.2,15.4,14.0,15.2,15.9,16.2,15.3
76,Fiji,FJI,10.6,10.4,10.1,9.7,9.4,9.5,9.2,9.4,9.6,9.7,9.6,9.8,10.0,10.0,9.7,9.4,9.4,9.3,9.1,9.0
77,France,FRA,20.2,19.5,19.8,20.1,19.5,19.1,18.5,17.9,18.2,18.4,18.2,18.0,17.8,17.0,15.6,15.8,14.9,14.6,14.2,13.8
78,Faroe Islands,FRO,,,,,,,,,,,,,,,,,,,,
79,"Micronesia, Fed. Sts.",FSM,24.0,23.4,22.5,22.8,23.8,24.6,24.6,24.4,24.5,24.5,24.5,25.2,25.5,25.6,25.8,27.0,27.0,27.7,28.2,28.2
80,Gabon,GAB,13.0,12.2,11.2,11.0,10.1,10.2,10.6,10.4,11.3,10.2,10.1,10.0,8.9,8.6,9.8,9.6,9.2,8.8,8.6,8.4
81,United Kingdom,GBR,8.6,8.3,8.3,7.9,8.2,7.9,7.8,7.6,8.1,8.0,7.8,8.3,8.2,8.8,8.6,8.8,8.5,8.2,8.1,7.9
82,Georgia,GEO,7.4,6.9,8.2,6.6,7.4,6.2,6.2,6.1,7.5,8.5,8.3,8.7,9.2,9.8,10.3,10.5,10.7,9.6,9.4,9.2
83,Ghana,GHA,5.4,5.8,6.1,6.4,6.6,6.9,7.0,7.2,7.5,7.6,7.8,7.8,7.8,7.7,7.5,7.3,7.2,7.0,6.6,6.6
84,Gibraltar,GIB,,,,,,,,,,,,,,,,,,,,
85,Guinea,GIN,5.4,5.4,5.6,5.6,5.7,5.6,6.0,6.3,6.3,6.4,6.8,7.0,7.1,7.3,7.1,7.2,7.1,7.0,6.9,7.0
86,"Gambia, The",GMB,5.6,5.7,5.8,5.8,5.9,5.8,5.7,5.7,5.6,5.5,5.3,5.4,5.3,5.3,5.3,5.1,4.9,4.9,4.8,4.8
87,Guinea-Bissau,GNB,9.5,9.3,9.1,8.8,8.8,8.4,8.4,8.4,8.4,8.5,8.4,8.2,8.0,8.1,7.8,7.3,7.3,7.3,7.2,7.0
88,Equatorial Guinea,GNQ,12.6,11.4,10.1,9.7,9.3,8.9,9.2,9.0,8.8,8.9,10.0,11.2,10.0,8.4,8.8,9.8,9.3,7.8,8.3,7.9
89,Greece,GRC,3.5,3.1,2.9,3.3,3.1,3.7,3.7,3.0,3.4,3.6,3.5,4.4,4.8,5.0,5.3,5.0,4.7,5.1,5.1,5.1
90,Grenada,GRD,1.9,0.4,3.2,2.4,4.6,3.1,5.1,2.0,2.4,0.7,0.9,1.7,1.7,1.2,0.6,0.7,1.0,0.6,0.3,0.7
91,Greenland,GRL,,,,,,,,,,,,,,,,,,,,
92,Guatemala,GTM,10.2,10.7,10.5,10.8,11.0,11.4,10.7,8.3,8.0,7.9,7.3,6.6,6.1,5.9,5.8,5.8,5.7,5.6,6.0,5.9
93,Guam,GUM,,,,,,,,,,,,,,,,,,,,
94,Guyana,GUY,31.4,34.7,34.5,33.2,32.5,30.9,30.7,30.9,30.0,32.9,33.3,32.6,35.0,38.2,37.2,37.3,37.9,38.5,39.5,40.3
95,High income,HIC,14.0257717917989,13.939676774898501,14.2626577830304,14.585401608564698,14.367702638385401,14.315142437537501,13.932998488016,14.085433220129302,14.372844865168,14.8309012677721,14.7014254083238,14.7157242412516,14.3907086350811,14.3475270682946,14.124832254073901,13.9590114076898,13.6432501089324,13.7498760445793,13.6271861277674,13.4234721252953
96,"Hong Kong SAR, China",HKG,,,,,,,,,,,,,,,,,,,,
97,Honduras,HND,2.1,2.1,2.1,2.2,2.1,2.2,2.2,2.1,2.1,2.0,2.0,1.9,3.3,3.2,3.4,4.0,2.0,2.1,2.0,2.1
98,Heavily indebted poor countries (HIPC),HPC,8.60275882247428,8.28183146236935,8.03545058362744,7.87938702529021,7.7400160777106795,7.65835810171106,7.5833920854478,7.438124926618889,7.349580614506731,7.36483197505577,7.2695778407978,7.14561093107582,6.9463966522842195,6.80258665443762,6.604493109937151,6.48097457411823,6.373438371809419,6.290511650572681,6.255481396179769,6.23223316417894
99,Croatia,HRV,20.8,19.7,19.5,19.7,20.2,20.1,18.3,18.1,18.4,18.3,18.3,16.4,18.4,16.5,17.3,17.6,16.4,15.7,16.4,16.4
100,Haiti,HTI,9.7,9.5,9.3,9.3,9.0,9.4,9.6,10.0,10.1,10.3,10.9,10.1,10.0,9.9,10.0,10.0,9.8,9.7,9.7,9.6
101,Hungary,HUN,33.4,29.8,28.6,28.0,27.5,26.4,24.9,25.0,25.4,25.4,25.5,25.1,24.8,22.1,20.4,19.9,18.7,17.5,17.7,16.6
102,IBRD only,IBD,14.181013814907901,13.4983964580057,13.098097511595599,12.973671401560098,12.9967282818012,12.9109279965126,12.374369647590802,11.972914653215302,11.7620383555179,11.3641323368818,11.1453103962149,10.866825632030698,10.4949244752855,10.129322980763199,9.81018999484732,9.48263201460823,9.37857235648744,9.220523395844712,9.33954516064358,9.24065627072004
103,IDA & IBRD total,IBT,12.777582628613901,12.1803394602668,11.8188032358073,11.680727062729199,11.6672036507978,11.5779378490486,11.148499069142,10.813159787752399,10.6275237857942,10.3030716230428,10.1064402983011,9.857730201356329,9.53717223288616,9.2307936392461,8.95120870963267,8.67495057220284,8.57393595550572,8.42989775443634,8.50001170591179,8.41461241640212
104,IDA total,IDA,7.578802333693679,7.360204697773599,7.20086207086197,7.07402175541473,6.991923527791211,6.951703631345629,6.95015444362883,6.8943028847155,6.8448687965773996,6.81169701861361,6.733291991739991,6.623451125367071,6.505565900802339,6.4217408138774,6.299327999718599,6.21327109421321,6.15331560595682,6.0827308820949995,6.041913216894081,6.03059763120736
105,IDA blend,IDB,7.62064103637689,7.5578878273586705,7.53036737199399,7.44519793449036,7.44217469141321,7.43695264197122,7.47790655846593,7.513030965162099,7.48601435303679,7.372699385479259,7.304441186616829,7.25039649642443,7.20548162294392,7.15551857576327,7.031956000335901,6.95307400031057,6.92092776700606,6.81652460597162,6.6901632822160995,6.664931073273981
106,Indonesia,IDN,3.5,3.4,3.3,3.2,3.2,3.0,2.9,2.9,2.8,2.7,2.6,2.6,2.5,2.5,2.4,2.4,2.4,2.4,2.4,2.4
107,IDA only,IDX,7.557766969817441,7.26089108799201,7.03551259353843,6.888002687187329,6.766518462906999,6.708927273617849,6.68614338935148,6.58466060385925,6.52373986571393,6.530386891617909,6.44630033133188,6.30773300046564,6.152553569826599,6.05106366193257,5.92869213794382,5.83857373165766,5.76422286459857,5.71061427563538,5.713133756924959,5.7089226113952805
108,Isle of Man,IMN,,,,,,,,,,,,,,,,,,,,
109,India,IND,17.0,16.6,16.1,15.3,15.2,15.5,15.6,15.3,15.1,14.5,14.6,14.7,14.3,13.7,12.8,12.3,12.1,12.0,12.6,12.7
110,Not classified,INX,,,,,,,,,,,,,,,,,,,,
111,Ireland,IRL,12.7,13.2,12.2,12.1,11.9,11.8,10.9,11.5,12.2,14.0,11.9,12.5,12.4,11.4,11.0,9.3,10.0,10.0,9.9,9.6
112,"Iran, Islamic Rep.",IRN,8.0,7.8,7.5,7.0,6.7,6.3,6.0,6.4,6.2,6.2,6.3,6.8,6.7,6.6,6.5,6.3,6.2,6.0,5.7,5.2
113,Iraq,IRQ,3.8,3.8,3.8,3.8,3.8,3.8,3.8,3.7,3.6,3.7,3.9,4.1,4.1,4.2,4.1,4.1,4.0,3.9,3.7,3.6
114,Iceland,ISL,13.1,12.8,12.2,12.5,12.4,11.8,12.5,14.8,14.8,14.3,12.8,11.6,13.5,13.9,15.7,14.3,13.0,12.2,10.8,11.9
115,Israel,ISR,6.8,6.4,5.9,6.4,6.1,6.7,5.5,5.2,5.3,6.0,6.7,5.7,6.1,5.2,5.1,4.5,5.2,5.1,5.4,5.3
116,Italy,ITA,7.5,7.3,7.4,7.4,7.2,6.7,6.7,6.7,6.9,7.0,6.9,7.4,7.6,7.5,7.2,7.1,6.6,7.1,6.7,6.7
117,Jamaica,JAM,1.9,1.9,1.8,1.7,1.6,1.5,1.5,1.8,2.2,2.3,1.9,2.2,2.1,2.0,2.2,2.2,2.2,2.3,2.3,2.4
118,Jordan,JOR,2.5,2.4,2.3,2.3,2.2,2.0,1.9,1.7,1.7,1.6,1.5,1.5,1.5,1.5,1.5,1.5,1.5,1.5,1.6,1.6
119,Japan,JPN,23.9,23.2,23.8,25.6,24.1,24.3,23.9,25.0,24.4,24.9,24.1,23.4,21.6,21.4,20.1,19.1,17.5,17.0,16.7,15.3
120,Kazakhstan,KAZ,38.7,39.0,38.2,39.2,39.7,39.2,38.0,38.0,34.6,30.3,29.9,28.7,27.6,26.3,24.2,23.2,21.7,20.8,19.0,17.6
121,Kenya,KEN,7.6,6.9,6.4,6.1,5.7,6.0,6.0,6.3,6.2,6.0,6.0,5.9,5.9,5.9,5.7,5.5,5.4,5.6,6.0,6.1
122,Kyrgyz Republic,KGZ,14.8,14.1,14.0,13.2,12.6,13.2,13.1,12.6,12.3,11.9,11.4,11.3,10.9,10.5,10.5,9.9,8.6,8.3,8.0,7.4
123,Cambodia,KHM,5.0,5.1,5.1,5.1,5.3,5.5,5.7,5.7,5.6,5.4,5.4,5.3,5.2,5.2,5.1,5.1,5.1,5.0,4.9,4.9
124,Kiribati,KIR,31.2,31.1,30.9,29.4,29.3,30.1,29.4,30.9,31.5,30.9,30.7,30.8,30.0,30.5,29.8,29.7,29.5,29.6,28.1,28.3
125,St. Kitts and Nevis,KNA,,,,,,,,,,,,,,,,,,,,
126,"Korea, Rep.",KOR,14.5,15.6,19.0,24.1,25.4,26.7,23.7,26.7,28.6,34.2,34.0,34.5,30.2,30.6,29.0,28.0,27.2,25.8,28.6,28.6
127,Kuwait,KWT,3.0,2.6,2.8,2.6,2.7,2.6,2.7,2.6,2.9,2.7,2.5,2.3,2.4,2.4,2.5,2.6,2.6,2.7,2.8,2.9
128,Latin America & Caribbean (excluding high income),LAC,5.09561260617082,5.35263561317634,5.3523523146812195,5.32677110754756,5.28927039994995,5.39105900040487,5.34028753498358,5.3353612955220004,5.519250153605079,5.61039057141992,5.506152625669,5.70168235163255,5.74518239870227,5.8254934380915,5.95798291447042,6.02089385540964,6.01094525180907,6.391556702492571,6.362270851499701,6.21885440618153
129,Lao PDR,LAO,6.9,6.9,6.7,6.5,6.5,6.5,6.4,6.3,6.3,6.1,6.0,5.9,5.7,5.7,5.5,5.6,5.6,5.6,5.6,5.4
130,Lebanon,LBN,2.8,2.7,2.7,2.6,2.7,2.7,2.5,2.9,2.9,3.0,3.0,3.0,3.0,3.0,2.8,2.8,2.7,3.0,2.5,2.8
131,Liberia,LBR,5.1,4.8,4.8,4.8,4.8,4.7,4.8,4.9,4.8,4.8,4.9,5.0,5.0,4.9,4.9,4.5,4.5,4.5,4.4,4.5
132,Libya,LBY,4.9,5.1,5.2,5.1,4.4,4.3,4.2,4.9,5.4,5.7,5.6,5.1,5.7,4.8,6.3,5.6,5.0,5.5,5.8,4.5
133,St. Lucia,LCA,7.2,7.3,6.8,7.2,6.9,7.1,7.6,7.1,8.0,7.2,7.9,7.2,8.7,8.3,8.9,8.7,7.4,7.9,8.0,7.9
134,Latin America & Caribbean,LCN,5.35864105651554,5.596040064950019,5.58948656030521,5.51360802267966,5.46872292983604,5.5404409911617805,5.47812455058331,5.502854276580241,5.68715221429825,5.76329609715577,5.65093885403873,5.84203858885297,5.83029764133846,5.83932763221228,5.95172385942582,6.0293087441783095,6.03141925194478,6.361245055872951,6.3260411487316395,6.199152380436269
135,Least developed countries: UN classification,LDC,7.65442629929588,7.3462469264250805,7.111547093341071,6.961047885784851,6.831060258318191,6.7607252260322594,6.75203860047239,6.61162391882833,6.56503582573237,6.541062191678869,6.441478370204929,6.28128822323897,6.10243075739794,5.98581464015692,5.857675747312009,5.7790308928417895,5.72506227111735,5.67214047899762,5.68951480127094,5.69029372500785
136,Low income,LIC,8.010601170778509,7.7460360437587,7.563269510509701,7.417501647299741,7.30474506871343,7.223656612891741,7.136734229749769,6.992323329367781,6.9244221638742305,6.929796205032081,6.83434724694584,6.730744831276691,6.567300126564819,6.4326511845244,6.2811592408433095,6.20766020519537,6.15699064299858,6.0754326113622,6.081577296690099,6.0779338221564005
137,Liechtenstein,LIE,,,,,,,,,,,,,,,,,,,,
138,Sri Lanka,LKA,26.7,21.8,21.0,20.9,21.8,28.6,18.3,20.0,17.5,22.7,21.9,17.9,16.6,15.2,13.1,15.1,14.8,14.4,14.2,14.0
139,Lower middle income,LMC,11.677823033235303,11.3236608353319,11.0130193553121,10.5713119560016,10.4806573647511,10.613283329672301,10.5160573091854,10.4085384287573,10.2660764850762,9.9337631783989,9.90480410398864,9.87907336964996,9.639301591706118,9.32284343549545,8.87978744626856,8.59676109382619,8.455117069141231,8.34404564320015,8.56098472595039,8.56295184676342
140,Low & middle income,LMY,12.7747868465445,12.165676443706401,11.7997043527212,11.6650583489256,11.6477699531371,11.5573658033608,11.131117739172401,10.799278262667501,10.604624830980699,10.265092854768099,10.0750354095166,9.828886739314779,9.505818429897289,9.20800067816188,8.93117986277953,8.66303621522888,8.57237878260931,8.4319177867206,8.50427740238972,8.42665087330394
141,Lesotho,LSO,28.6,27.3,29.2,31.9,33.5,33.6,40.3,45.0,57.8,63.3,65.4,69.5,79.1,87.6,92.6,92.4,87.0,78.3,76.6,72.4
142,Late-demographic dividend,LTE,15.6059597156448,14.5319982382118,14.0355982201592,14.2891581622988,14.4785724959501,14.1930832987308,13.220518575633099,12.607762657207699,12.285107700810098,11.941318555660601,11.5530189263348,10.9770825616366,10.504874580383001,10.131283436565699,9.969563111930869,9.68364509047398,9.63117845165488,9.35814325972995,9.30264251152183,9.12523501166019
143,Lithuania,LTU,50.1,47.1,47.0,45.4,43.3,42.7,35.2,34.5,37.8,39.2,37.2,38.1,35.0,40.5,35.6,34.9,32.8,29.7,27.4,26.1
144,Luxembourg,LUX,16.1,16.7,16.1,15.3,12.1,13.4,15.2,14.0,13.4,11.3,12.0,11.9,11.3,11.3,12.7,12.2,10.2,9.8,10.6,11.3
145,Latvia,LVA,34.7,32.2,31.5,29.1,26.8,26.5,23.2,20.9,26.4,26.3,22.5,22.7,23.5,20.6,20.7,21.6,21.3,21.4,18.1,20.1
146,"Macao SAR, China",MAC,,,,,,,,,,,,,,,,,,,,
147,St. Martin (French part),MAF,,,,,,,,,,,,,,,,,,,,
148,Morocco,MAR,9.9,9.9,9.6,9.6,9.5,9.4,9.3,9.3,9.3,9.2,9.2,9.2,8.9,8.0,7.7,7.4,7.2,7.1,7.2,7.2
149,Monaco,MCO,,,,,,,,,,,,,,,,,,,,
150,Moldova,MDA,17.2,18.6,17.7,18.5,18.3,19.4,19.7,17.2,19.1,19.7,20.5,15.3,17.0,17.0,17.2,16.2,15.9,14.9,14.4,14.7
151,Madagascar,MDG,5.8,5.7,5.8,5.9,5.9,5.8,5.8,5.7,5.7,5.7,5.7,5.7,5.6,5.6,5.6,5.5,5.5,5.5,5.5,5.5
152,Maldives,MDV,3.8,3.7,3.5,3.5,2.9,3.0,3.1,3.0,3.1,2.9,2.7,2.6,2.6,2.6,2.7,2.8,3.1,3.1,2.9,2.7
153,Middle East & North Africa,MEA,5.255432788915019,5.22474766557219,5.0990371276205195,4.9651643182463605,4.843208090476019,4.76393322289238,4.6646614088771505,4.753224812267679,4.74425806017373,4.76368603522858,4.8404826997803605,4.9687155359471395,4.97139632059344,4.85600958999123,4.784277621432519,4.636661551524741,4.5611537867603,4.45161151079749,4.42243983021394,4.30939395809768
154,Mexico,MEX,3.5,3.8,3.9,4.0,4.0,4.1,4.0,4.1,4.4,4.6,4.5,5.2,4.9,5.2,5.7,5.6,5.6,5.9,5.4,5.3
155,Marshall Islands,MHL,,,,,,,,,,,,,,,,,,,,
156,Middle income,MIC,13.1736600638433,12.5413882499174,12.1656253539121,12.037982780460599,12.0354405395664,11.9506725572513,11.499725228723,11.1565271747016,10.955718400941901,10.588399591731301,10.394021245686801,10.1383287406635,9.80348065326515,9.4930233109025,9.20710503123034,8.922313073944132,8.83110400105591,8.68802816696401,8.77160213125087,8.68993793315765
157,North Macedonia,MKD,9.3,12.8,9.7,9.1,10.6,8.6,9.7,9.4,9.4,9.7,7.1,7.4,10.0,9.7,9.3,9.2,9.3,9.3,9.4,9.4
158,Mali,MLI,4.8,4.7,4.7,4.6,4.5,4.6,4.5,4.6,4.6,4.6,4.5,4.5,4.5,4.5,4.4,4.3,4.2,4.1,4.1,4.1
159,Malta,MLT,6.8,7.2,5.7,5.4,5.9,5.6,6.8,5.5,6.4,6.9,7.5,6.8,6.0,6.8,7.1,7.2,5.8,5.5,6.0,6.1
160,Myanmar,MMR,4.7,4.4,4.4,4.3,4.2,4.1,4.1,3.9,3.6,3.6,3.5,3.4,3.3,3.3,3.2,3.2,3.2,3.0,2.9,2.9
161,Middle East & North Africa (excluding high income),MNA,5.33411326788822,5.297281065314911,5.1680583579288,5.000845103221559,4.87254524479546,4.73845208606384,4.61448969913727,4.6779617707981505,4.6231435061297,4.5912076774087,4.61903142438425,4.7523396889704195,4.73926436351255,4.63252994653607,4.557333498011809,4.4384526858341,4.34983074776659,4.2417724261604794,4.19464041674049,4.0573050441234395
162,Montenegro,MNE,20.8,19.9,20.2,20.9,21.2,21.7,22.3,21.0,20.9,20.9,20.3,20.9,21.0,20.4,20.6,20.7,20.8,21.1,21.2,21.0
163,Mongolia,MNG,22.0,22.3,21.7,23.1,23.7,24.0,23.7,23.6,23.8,23.6,23.4,22.7,21.7,21.0,20.0,20.0,20.1,19.2,18.6,17.9
164,Northern Mariana Islands,MNP,,,,,,,,,,,,,,,,,,,,
165,Mozambique,MOZ,12.5,12.4,12.3,12.3,12.4,12.6,12.6,12.6,13.5,14.5,14.9,15.3,15.7,15.3,14.4,13.9,13.6,13.4,13.5,13.6
166,Mauritania,MRT,3.5,3.4,3.4,3.3,3.3,3.2,3.2,3.2,3.1,3.1,3.1,3.0,3.1,3.1,3.1,3.0,3.0,3.1,3.1,3.1
167,Mauritius,MUS,11.8,10.1,11.3,7.7,8.2,9.0,9.2,10.3,6.7,9.1,7.8,9.0,9.6,8.2,10.2,7.9,8.1,9.6,8.7,9.5
168,Malawi,MWI,10.8,9.8,8.8,8.2,7.8,7.2,7.5,7.8,7.6,8.0,8.2,7.3,6.8,6.4,6.3,6.2,6.1,5.9,5.6,5.4
169,Malaysia,MYS,4.7,4.5,4.5,4.7,4.7,4.6,4.5,4.4,4.5,4.6,4.5,4.6,4.6,4.4,4.6,4.8,5.1,5.4,5.4,5.7
170,North America,NAC,11.0882765577949,11.478536449984801,11.809831199667402,11.7688443965692,11.8803288356915,11.929512800559799,12.011424806141902,12.311408769463599,12.581732337114302,12.7209662676566,13.000956258576,13.191535605852499,13.3307069667749,13.360124936428699,13.8697977066911,14.259769373579399,14.7782951198771,15.606964606817801,15.323138538228,15.6582365625399
171,Namibia,NAM,19.3,18.8,18.7,18.2,16.7,17.8,17.7,17.3,14.1,13.1,12.9,11.4,10.2,10.2,10.9,11.6,10.7,10.9,9.9,9.7
172,New Caledonia,NCL,,,,,,,,,,,,,,,,,,,,
173,Niger,NER,5.0,5.1,5.1,5.2,5.1,5.3,5.2,5.3,5.2,5.3,5.3,5.4,5.5,5.5,5.5,5.4,5.3,5.3,5.3,5.3
174,Nigeria,NGA,4.9,4.9,4.8,4.8,4.8,4.8,4.7,4.7,4.6,4.5,4.4,4.4,4.2,4.1,3.9,3.7,3.7,3.6,3.5,3.5
175,Nicaragua,NIC,5.5,5.2,5.0,5.6,5.4,5.2,4.6,4.9,5.1,5.0,4.8,5.5,4.4,5.3,4.5,4.2,4.4,4.4,4.5,4.4
176,Netherlands,NLD,9.6,9.6,10.0,9.6,9.7,9.8,9.6,8.4,9.0,9.5,9.8,10.1,10.7,11.8,11.6,11.8,11.9,12.1,11.4,11.8
177,Norway,NOR,13.9,14.2,12.1,11.8,12.8,12.4,12.8,11.8,11.8,13.0,12.4,13.3,11.4,11.8,11.6,12.5,12.6,12.1,12.0,11.8
178,Nepal,NPL,8.5,8.1,8.0,7.8,7.7,7.9,7.7,8.0,8.3,8.5,8.7,8.9,8.9,8.7,8.5,8.5,8.5,8.7,8.8,9.0
179,Nauru,NRU,,,,,,,,,,,,,,,,,,,,
180,New Zealand,NZL,12.5,13.9,12.5,13.7,12.6,12.9,13.1,12.3,12.4,11.5,12.6,11.4,12.7,12.2,11.3,11.7,12.2,12.7,11.4,11.0
181,OECD members,OED,12.543178578241198,12.468300047586201,12.711634804434901,12.999990609797699,12.8021963444761,12.7286432734303,12.385625711087501,12.496988135501,12.7635345489662,13.170941033592,13.031361719819401,13.083921185908,12.7558690753915,12.758480173840198,12.6010311305612,12.4695492512027,12.1990420646359,12.3318470995955,12.1436163744805,11.947902781841
182,Oman,OMN,6.2,6.2,5.9,6.1,5.9,6.0,6.5,6.8,6.8,6.5,6.7,6.1,5.4,5.3,5.1,5.0,4.7,4.7,4.7,4.9
183,Other small states,OSS,15.72977718599,15.5437217279962,15.5957755156652,15.3431897117854,15.292060381503598,15.3496262250955,15.7019424596946,16.127916862481502,16.5838810373779,16.6743887507713,16.1658443553632,15.941210581031001,16.486068245106402,16.4880455146668,16.633606029753803,16.0194320661879,15.2307332239896,14.5043676162698,13.9843131369362,13.5091117630432
184,Pakistan,PAK,8.8,8.9,9.1,9.1,9.2,9.0,9.2,9.1,9.0,8.8,8.8,8.7,8.8,8.9,8.9,9.0,9.1,9.1,8.9,8.9
185,Panama,PAN,5.4,5.7,5.3,5.9,5.8,5.0,5.7,4.9,5.4,4.8,4.2,3.8,3.6,3.4,4.1,2.9,3.3,3.2,2.9,2.9
186,Peru,PER,3.1,2.9,2.9,3.0,2.8,2.7,2.7,2.6,2.7,3.3,3.5,3.3,3.2,3.1,2.9,2.7,2.6,2.7,2.8,2.8
187,Philippines,PHL,1.8,1.5,1.7,1.8,1.8,1.9,2.0,1.9,2.0,2.3,2.4,2.7,2.4,2.4,2.3,2.3,2.2,2.2,2.2,2.2
188,Palau,PLW,,,,,,,,,,,,,,,,,,,,
189,Papua New Guinea,PNG,2.1,2.3,2.3,2.4,2.4,2.4,2.4,2.5,2.5,2.4,2.6,2.6,2.7,2.7,2.9,3.0,3.0,2.8,2.9,3.0
190,Poland,POL,17.0,17.2,17.3,17.0,17.6,17.7,17.1,15.7,17.0,19.2,18.6,18.0,18.5,18.2,17.4,15.9,13.8,13.3,12.7,11.3
191,Pre-demographic dividend,PRE,7.43095692060437,7.17475066051934,6.97692610717057,6.88038401278399,6.79290459432093,6.748797951458861,6.72692069981493,6.58122632933062,6.48542195836048,6.469349294807731,6.41433815239393,6.358996426409299,6.224276600190481,6.12859948404703,5.9177878458855995,5.76793898891611,5.6828638122486606,5.61409395175524,5.59543285133639,5.585186034933621
192,Puerto Rico,PRI,,,,,,,,,,,,,,,,,,,,
193,"Korea, Dem. People's Rep.",PRK,9.8,9.5,9.5,9.2,9.0,8.9,8.9,9.0,9.4,9.4,9.5,9.7,9.7,9.9,10.0,10.5,10.4,9.8,9.3,9.4
194,Portugal,PRT,7.6,8.8,12.5,11.9,10.6,11.4,11.5,12.6,13.1,13.1,13.6,12.3,13.5,12.5,14.2,13.2,11.4,12.0,11.7,11.5
195,Paraguay,PRY,3.1,3.1,3.6,3.4,4.2,4.4,4.2,3.8,3.6,4.4,3.5,4.6,4.6,4.9,5.9,5.7,5.3,6.1,6.0,6.0
196,West Bank and Gaza,PSE,,,,,,,,,,,,,,,,,,,,
197,Pacific island small states,PSS,13.9275961013762,13.7344124065258,13.6077692273136,13.4546249149813,13.1403914909973,13.2859957371369,13.2824773376239,13.6827574030787,13.921927525655999,13.9127511522126,14.005829272941401,14.1009786006509,14.176538816542001,14.129477779692,13.982798470743699,13.922448644127,13.8793361172806,13.9055965146731,13.766641420891599,13.6550872729051
198,Post-demographic dividend,PST,15.785614877727198,15.5608776207594,15.852530008297801,16.0974142743554,15.8141011448964,15.756934891452598,15.2256996978766,15.398105829017698,15.606175232078801,15.7847974522408,15.624630967407699,15.5959399726793,15.210204439184801,15.174502815385,15.026446820560999,14.8077706287673,14.528973025784198,14.6583866212191,14.6136053495332,14.4221861834809
199,French Polynesia,PYF,,,,,,,,,,,,,,,,,,,,
200,Qatar,QAT,7.8,8.0,7.8,7.4,7.2,6.8,6.8,8.4,8.3,8.4,8.2,8.0,7.4,6.7,6.3,6.1,6.1,5.8,5.8,5.8
201,Romania,ROU,12.9,12.3,14.2,13.5,12.7,12.3,12.9,11.6,11.7,12.2,13.2,12.1,12.6,12.2,11.3,11.5,10.2,10.1,10.2,9.7
202,Russian Federation,RUS,53.8,52.4,52.0,51.6,50.1,49.8,44.8,41.7,40.7,38.4,38.1,35.9,34.4,33.5,33.8,32.0,31.0,28.2,27.1,25.1
203,Rwanda,RWA,15.8,14.0,12.5,11.0,9.6,8.8,8.4,8.0,7.5,7.0,6.6,6.2,6.0,5.8,5.8,5.7,5.7,5.6,5.6,5.6
204,South Asia,SAS,14.9473350006566,14.5446922611529,14.1271775661246,13.4892913775364,13.4082006965405,13.698734852491901,13.662671324562199,13.4381804836588,13.225859451212301,12.8045132285366,12.8490211522618,12.8222835644328,12.481375856496902,11.997441966368198,11.2860216763799,10.9347663112744,10.7886330983359,10.7190181884044,11.146822271236902,11.2256803036165
205,Saudi Arabia,SAU,3.2,3.3,3.4,3.5,3.4,3.7,4.0,4.3,4.6,5.0,5.5,6.1,6.4,6.5,6.6,6.3,6.3,6.2,6.1,6.0
206,Sudan,SDN,4.3,4.2,4.2,4.1,4.1,4.2,4.1,4.1,4.1,4.1,4.0,4.1,4.0,4.0,3.9,3.9,3.9,3.8,3.9,3.8
207,Senegal,SEN,7.8,7.6,7.5,7.4,7.3,7.2,7.0,6.7,6.8,6.7,6.6,6.5,6.5,6.5,6.5,6.4,6.3,6.2,6.1,6.0
208,Singapore,SGP,12.4,11.3,12.4,12.1,11.7,11.2,11.7,10.7,10.4,10.5,9.9,9.6,11.3,10.3,10.2,9.0,9.1,9.0,9.4,11.2
209,Solomon Islands,SLB,14.4,14.1,14.3,14.6,13.8,14.0,14.1,15.2,15.8,15.8,15.7,15.7,15.6,15.4,15.3,15.2,15.1,15.1,15.0,14.7
210,Sierra Leone,SLE,5.7,5.9,6.0,6.1,6.1,6.0,6.5,6.4,6.5,6.6,6.8,6.5,6.6,6.3,6.2,5.9,6.2,6.3,6.6,6.7
211,El Salvador,SLV,6.2,6.8,5.3,6.5,6.8,7.8,6.6,7.9,6.8,8.6,6.1,8.0,6.8,6.4,5.8,6.9,5.7,6.1,6.0,6.1
212,San Marino,SMR,,,,,,,,,,,,,,,,,,,,
213,Somalia,SOM,9.1,8.9,8.9,8.9,9.1,8.9,8.7,8.4,8.5,8.5,8.2,8.1,8.1,8.1,8.1,8.0,7.9,8.0,8.0,7.9
214,Serbia,SRB,23.1,21.8,22.4,21.2,21.3,20.1,19.5,18.7,18.0,19.5,17.2,18.0,18.2,17.9,17.0,16.4,15.2,0.6,11.3,11.4
215,Sub-Saharan Africa (excluding high income),SSA,9.243825638142411,8.98837288203368,8.861137077301589,8.76961029145363,8.62167050178694,8.537471924023121,8.442467278850629,8.41451461664962,8.50288594272512,8.478160453749759,8.2378061681908,7.98548631517359,7.82756706311298,7.72121657688941,7.529943537254961,7.38583956590665,7.254627962727519,7.1601153172929,7.039389112129201,6.97567968736649
216,South Sudan,SSD,4.3,4.0,3.9,3.9,3.9,3.9,3.9,3.9,3.8,3.7,3.7,3.6,3.7,3.6,3.5,3.6,3.7,3.7,3.8,3.9
217,Sub-Saharan Africa,SSF,9.243820293981251,8.98839804404214,8.861105891688,8.76963679063676,8.621746207461719,8.537456915091111,8.44243011368393,8.41442813908619,8.5028116727391,8.47805947707466,8.23776094296193,7.98547794493282,7.82755478869137,7.721214553209679,7.52997842831949,7.3858972019142906,7.25469697739845,7.16021934875031,7.03949325846939,6.97577884359772
218,Small states,SST,14.376422551094198,14.334592176061099,14.311404052324901,14.0100411107759,13.9322049160807,13.9502366206357,14.1567107454966,14.524089024883699,14.988371211564699,15.0540845769628,14.7140028012147,14.508942485165601,14.9729714982577,15.077670552037802,15.167297301458001,14.714072688917101,14.106266439121999,13.585537763963302,13.2074587222999,12.8639458597863
219,Sao Tome and Principe,STP,1.4,1.5,1.6,1.3,1.5,1.3,1.5,1.6,1.6,1.5,1.5,1.4,1.5,1.5,1.5,1.5,1.5,1.5,1.5,1.5
220,Suriname,SUR,21.5,24.2,24.4,24.3,23.6,24.2,24.6,24.5,24.5,24.4,25.5,24.3,25.2,25.1,24.7,24.8,24.4,24.5,25.5,25.4
221,Slovak Republic,SVK,14.2,13.9,14.6,15.0,13.9,13.7,14.5,14.0,12.7,13.1,13.6,12.9,12.6,12.3,12.9,12.4,12.3,12.3,12.2,12.1
222,Slovenia,SVN,32.0,30.9,29.1,29.7,28.7,26.8,27.9,22.9,20.6,22.5,20.7,21.6,22.0,22.2,19.6,21.0,19.0,20.9,17.8,19.8
223,Sweden,SWE,15.1,16.0,15.5,14.4,14.8,15.7,15.0,14.5,15.0,15.7,14.7,14.2,15.0,15.9,14.8,15.7,14.6,15.0,14.9,14.7
224,Eswatini,SWZ,28.4,32.2,37.2,40.5,42.4,43.9,47.3,53.9,55.0,54.2,50.4,47.0,47.6,44.6,39.2,35.1,32.8,30.4,28.5,29.4
225,Sint Maarten (Dutch part),SXM,,,,,,,,,,,,,,,,,,,,
226,Seychelles,SYC,9.2,9.2,8.6,9.0,9.3,8.4,8.1,7.6,7.8,7.5,7.8,7.9,7.7,7.7,7.9,8.0,8.0,8.3,8.2,8.1
227,Syrian Arab Republic,SYR,1.5,1.4,1.4,1.3,1.4,1.4,1.4,1.4,1.4,1.4,1.5,1.5,1.6,1.8,1.8,1.7,1.6,1.8,1.9,2.0
228,Turks and Caicos Islands,TCA,,,,,,,,,,,,,,,,,,,,
229,Chad,TCD,7.8,7.8,7.7,7.8,7.5,7.5,7.5,7.7,7.5,7.6,7.7,7.7,7.6,7.4,7.1,6.8,6.7,6.7,6.6,6.4
230,East Asia & Pacific (IDA & IBRD countries),TEA,11.5421477440536,10.47004333033,9.96355653729517,10.3530924797364,10.6885266718009,10.3241783214411,9.742575931801118,9.297731143400789,8.99249541226808,8.70155688176933,8.34158584501137,7.935010792059691,7.4865733954351,7.19032060224215,7.0407295914150705,6.843860508309031,6.921976911738191,6.841001121573219,6.8392763872752305,6.8305989044519295
231,Europe & Central Asia (IDA & IBRD countries),TEC,30.070216825263,29.165264126622898,28.883491701589197,28.270589852810197,27.577730006346396,27.3773794443855,25.1480614133916,23.748742465960003,23.2588541531706,21.9733591173347,21.535222181842602,20.374832585659,19.8043714718073,19.2179950252358,19.208312632220302,18.0662945440918,17.3161052387095,15.9041545342784,15.6334668664245,14.6731156485714
232,Togo,TGO,10.0,10.3,10.4,10.7,10.8,10.7,11.0,10.9,10.8,10.5,10.4,10.4,10.4,10.3,10.1,9.7,9.3,9.0,8.7,8.8
233,Thailand,THA,12.0,10.9,11.0,10.7,10.5,9.1,8.9,8.4,8.1,8.0,8.1,8.0,7.9,7.5,7.8,8.0,8.5,8.4,8.8,8.8
234,Tajikistan,TJK,3.8,3.6,3.5,3.4,3.5,3.6,3.6,3.7,3.8,3.9,4.0,4.0,4.1,4.0,4.1,4.1,4.3,4.2,4.2,4.3
235,Turkmenistan,TKM,12.5,13.5,14.1,14.3,14.3,15.1,15.1,13.2,11.4,9.4,8.5,7.6,7.1,7.1,6.8,6.3,6.2,5.8,5.7,5.7
236,Latin America & the Caribbean (IDA & IBRD countries),TLA,5.100936203517049,5.3884461034513,5.39773753263426,5.3409250147637,5.29431508449321,5.38989093307943,5.332615841633099,5.37020900027215,5.54635430520322,5.60982633095201,5.48299761570516,5.6858258428840704,5.6814485254037095,5.690409709639059,5.815498377543969,5.8845083326523,5.89906460016512,6.21653432525761,6.185659424298941,6.0541622951104905
237,Timor-Leste,TLS,3.6,3.6,3.4,3.4,3.1,3.0,2.7,2.6,2.4,3.1,3.0,3.2,3.3,3.3,3.4,3.5,3.6,3.6,3.6,3.7
238,Middle East & North Africa (IDA & IBRD countries),TMN,5.33411326788822,5.297281065314911,5.1680583579288,5.000845103221559,4.87254524479546,4.73845208606384,4.61448969913727,4.6779617707981505,4.6231435061297,4.5912076774087,4.61903142438425,4.7523396889704195,4.73926436351255,4.63252994653607,4.557333498011809,4.4384526858341,4.34983074776658,4.2417724261604794,4.19464041674049,4.0573050441234395
239,Tonga,TON,4.2,4.2,4.2,4.2,4.2,4.0,4.0,4.0,3.9,4.3,4.6,4.5,4.5,4.6,4.6,4.6,4.1,4.2,4.0,3.8
240,South Asia (IDA & IBRD),TSA,14.9473350006566,14.5446922611529,14.1271775661246,13.4892913775364,13.4082006965405,13.698734852491901,13.662671324562199,13.4381804836588,13.225859451212301,12.8045132285366,12.8490211522618,12.8222835644328,12.481375856496902,11.997441966368198,11.2860216763799,10.9347663112744,10.7886330983359,10.7190181884044,11.146822271236902,11.2256803036165
241,Sub-Saharan Africa (IDA & IBRD countries),TSS,9.24382029398126,8.98839804404214,8.861105891688,8.769636790636769,8.621746207461719,8.537456915091111,8.44243011368393,8.41442813908619,8.5028116727391,8.47805947707466,8.23776094296193,7.98547794493282,7.82755478869137,7.721214553209679,7.52997842831949,7.3858972019142906,7.25469697739845,7.16021934875031,7.03949325846939,6.97577884359772
242,Trinidad and Tobago,TTO,16.3,16.3,15.3,13.4,13.1,12.7,11.3,11.2,13.7,11.2,11.3,9.9,9.5,10.9,10.5,10.2,9.8,9.5,9.0,8.7
243,Tunisia,TUN,3.7,3.7,3.8,3.8,3.7,3.7,3.7,3.6,3.5,3.5,3.5,3.4,3.4,3.3,3.2,3.1,3.1,3.1,3.2,3.3
244,Turkey,TUR,4.0,3.6,3.2,3.1,3.0,2.8,2.7,2.5,2.4,2.4,2.4,2.2,2.2,2.3,2.3,2.3,2.3,2.3,2.3,2.4
245,Tuvalu,TUV,,,,,,,,,,,,,,,,,,,,
246,Tanzania,TZA,8.9,7.9,7.0,6.4,5.8,5.4,5.3,5.4,5.8,5.5,5.0,4.8,4.3,4.4,4.2,4.2,4.2,4.2,4.2,4.3
247,Uganda,UGA,10.2,9.8,9.4,9.4,9.5,9.7,9.4,8.0,7.1,6.8,6.3,6.3,5.7,5.2,4.8,4.7,4.7,4.4,4.4,4.6
248,Ukraine,UKR,39.1,36.7,36.0,34.5,33.8,33.8,30.8,31.5,30.9,26.3,24.5,23.0,23.1,22.6,24.4,21.6,21.4,20.6,21.9,21.6
249,Upper middle income,UMC,14.8484327888693,13.9172955181813,13.480133245919399,13.7262123744697,13.8416567357067,13.518561979392901,12.6635401400082,12.049735856269299,11.786715987918502,11.3841585536621,10.993924994714101,10.4589095568499,10.008091723409699,9.70673028032724,9.621176712333689,9.337184201560211,9.31366499106307,9.13260210868575,9.045883472285839,8.85666355685177
250,Uruguay,URY,16.0,14.5,19.8,15.6,15.3,14.8,15.5,17.4,15.1,15.0,16.0,16.8,17.8,15.8,17.4,18.6,21.1,20.8,21.2,21.2
251,United States,USA,11.0,11.4,11.8,11.7,11.9,11.9,12.1,12.4,12.7,12.8,13.1,13.4,13.5,13.5,14.0,14.4,15.1,15.9,15.7,16.1
252,Uzbekistan,UZB,10.1,10.0,9.7,9.0,8.6,9.1,8.8,8.6,8.5,8.0,8.1,8.5,8.9,8.9,9.0,9.2,9.1,8.8,8.6,8.0
253,St. Vincent and the Grenadines,VCT,5.7,5.2,6.6,5.8,5.1,9.9,6.2,8.4,4.2,2.6,3.0,5.6,5.4,3.9,1.4,3.3,0.7,0.0,1.0,1.0
254,"Venezuela, RB",VEN,5.4,5.7,5.4,4.9,4.5,4.4,3.9,3.7,3.5,3.2,3.4,3.6,3.2,2.5,2.1,2.3,2.2,2.2,2.2,2.1
255,British Virgin Islands,VGB,,,,,,,,,,,,,,,,,,,,
256,Virgin Islands (U.S.),VIR,,,,,,,,,,,,,,,,,,,,
257,Vietnam,VNM,6.1,6.1,6.1,6.1,6.3,6.3,6.4,6.7,6.9,6.9,7.0,7.2,7.4,7.5,7.6,7.7,7.7,7.7,7.6,7.5
258,Vanuatu,VUT,19.1,18.9,19.1,19.0,18.6,18.2,19.2,19.1,18.9,19.8,19.5,19.0,19.1,18.9,18.2,18.2,18.0,18.1,18.1,18.0
259,World,WLD,12.9595786265083,12.441522687880099,12.190342477997401,12.1284813145243,12.0732725911746,11.986570324742301,11.5650508993263,11.311466894298599,11.1937500336554,10.981737495227401,10.7991156466414,10.5915813627225,10.2631477483724,9.999650093664538,9.72637780577867,9.471881795335221,9.34164669575281,9.23599094403346,9.27347188207876,9.17173613148573
260,Samoa,WSM,13.7,13.7,13.4,13.2,12.8,12.9,13.0,12.9,12.8,11.0,12.8,12.8,12.7,12.1,12.8,12.7,12.8,12.6,12.6,12.6
261,Kosovo,XKX,,,,,,,,,,,,,,,,,,,,
262,"Yemen, Rep.",YEM,6.1,6.1,5.9,5.9,6.0,5.9,5.8,5.8,6.0,5.9,5.7,5.6,5.7,5.7,5.7,5.5,5.7,5.6,5.9,5.8
263,South Africa,ZAF,22.4,23.0,24.3,25.1,24.6,24.4,23.6,24.6,26.7,26.7,24.6,22.4,22.9,23.7,24.1,24.5,24.4,25.2,24.1,23.5
264,Zambia,ZMB,13.3,12.4,12.1,11.6,12.2,11.9,11.7,10.3,9.7,9.8,10.1,10.3,9.4,9.1,9.0,8.7,8.5,8.5,8.1,7.3
265,Zimbabwe,ZWE,13.3,12.8,13.4,13.2,14.2,14.0,14.4,17.2,20.1,22.2,21.5,20.7,19.7,18.6,18.2,18.0,16.8,15.0,14.0,14.1
