,country,country_code,1991,1992,1993,1994,1995,1996,1997,1998,1999,2000,2001,2002,2003,2004,2005,2006,2007,2008,2009,2010,2011,2012,2013,2014,2015,2016,2017,2018,2019,2020
0,Aruba,ABW,,,,,,,,,,,,,,,,,,,,,,,,,,,,,,
1,Africa Eastern and Southern,AFE,7.5746811471576105,7.64816455876161,7.769181258768691,7.7713082351813,7.77344787869791,7.78487853545233,7.77086644739099,7.7140823489262305,7.74289342242827,7.6576977035123805,7.67321951321231,7.9377046465771794,7.802388884189731,7.32925309730945,7.13135886843941,6.91484987129109,6.5874752642467405,6.097317661609,6.3000560871674205,6.879693861295951,6.73071983180151,6.57824299805354,6.480672677965781,6.4144621620183395,6.46859789017261,6.54635114689887,6.52306074435339,6.414391647556701,6.47226928955243,6.81417669985147
2,Afghanistan,AFG,11.38,11.46,11.61,11.65,11.65,11.65,11.64,11.64,11.69,11.65,11.63,11.68,11.68,11.61,11.52,11.34,11.18,11.11,11.46,11.52,11.51,11.52,11.54,11.45,11.39,11.31,11.18,11.06,10.98,11.73
3,Africa Western and Central,AFW,4.30439778162038,4.354186287572009,4.41047528421538,4.42279701426671,4.41272662535816,4.46027396733943,4.49708969942259,4.56516680955907,4.7848981683976906,4.82612900089575,4.758819740247191,4.71448605705299,4.67901757310581,4.6553519117018896,4.64047185310391,4.48385958528016,4.37947847614069,4.3101662495107504,4.47859360190901,4.4711612850253895,4.46673087945792,4.56013928458508,4.35618721923573,4.64063155931021,4.5471131400083,5.48648034766074,5.9271037751416396,5.910614964068331,5.92892616293053,6.3001047205968
4,Angola,AGO,3.75,3.78,3.85,3.87,3.86,3.86,3.86,3.86,3.88,3.87,3.85,3.88,3.88,3.85,3.81,3.73,3.66,3.63,3.78,9.43,7.36,7.37,7.38,7.31,7.26,7.2,7.1,7.0,6.93,7.7
5,Albania,ALB,16.22,16.33,16.52,16.57,16.57,16.57,16.55,16.55,16.62,16.58,16.54,16.61,16.61,16.52,16.4,16.17,15.97,13.06,13.67,14.09,13.48,13.38,15.87,18.06,17.19,15.42,13.62,12.3,11.47,11.7
6,Andorra,AND,,,,,,,,,,,,,,,,,,,,,,,,,,,,,,
7,Arab World,ARB,11.5044243192839,12.002108716007399,12.7570335360391,12.8723589477961,13.1641910993948,12.327621058643901,11.8435237816712,11.9061864771768,12.0216110629926,12.459707574853,12.3178635232058,12.319537132314501,12.27405151736,11.266258622692598,11.1003818646089,10.313361661275302,9.8865172394673,9.556738107536551,9.20068531013168,9.270221410250779,10.3023107433369,10.495993454515801,10.5641547018004,10.6778097042911,10.713792872257699,10.507661087823,10.7182937754196,10.2565794280878,10.207222578477198,11.481565055978
8,United Arab Emirates,ARE,1.75,1.75,1.73,1.76,1.8,1.89,1.98,2.07,2.15,2.25,2.41,2.56,2.71,2.9,3.12,3.06,2.99,2.85,2.53,2.36,2.23,2.09,1.95,1.84,1.74,1.64,2.46,2.23,2.28,5.0
9,Argentina,ARG,5.44,6.36,10.1,11.76,18.8,17.11,14.82,12.65,14.05,15.0,17.32,19.59,15.36,13.52,11.51,10.08,8.47,7.84,8.65,7.71,7.18,7.22,7.1,7.27,7.61,7.97,8.35,9.22,9.84,11.67
10,Armenia,ARM,1.6,1.8,5.3,6.6,6.7,9.3,10.8,9.4,11.2,11.05,10.91,10.84,10.72,10.54,10.34,10.07,9.81,13.51,18.44,19.01,18.44,17.3,16.18,17.5,18.26,17.62,17.71,18.97,18.81,20.21
11,American Samoa,ASM,,,,,,,,,,,,,,,,,,,,,,,,,,,,,,
12,Antigua and Barbuda,ATG,,,,,,,,,,,,,,,,,,,,,,,,,,,,,,
13,Australia,AUS,9.58,10.73,10.87,9.72,8.47,8.51,8.36,7.68,6.87,6.28,6.74,6.37,5.93,5.4,5.03,4.78,4.38,4.23,5.56,5.21,5.08,5.22,5.66,6.08,6.05,5.71,5.59,5.3,5.16,6.61
14,Austria,AUT,3.42,3.59,4.25,3.54,4.35,5.28,5.15,5.52,4.7,4.69,4.01,4.85,4.78,5.83,5.63,5.24,4.86,4.13,5.3,4.82,4.56,4.87,5.34,5.62,5.72,6.01,5.5,4.85,4.49,5.77
15,Azerbaijan,AZE,0.9,1.8,4.5,6.3,7.2,8.1,9.1,10.0,10.9,11.78,10.91,10.04,9.17,7.99,7.26,6.62,6.33,5.86,5.74,5.63,5.42,5.19,4.97,4.91,4.96,5.0,5.0,4.9,4.84,6.27
16,Burundi,BDI,1.75,1.79,1.85,1.87,1.87,1.87,1.87,1.87,1.89,1.87,1.86,1.89,1.89,1.85,1.81,1.73,1.66,1.63,1.75,1.74,1.7,1.67,1.64,1.57,1.55,1.53,1.48,1.45,1.42,0.8
17,Belgium,BEL,6.99,6.7,8.08,9.65,9.34,9.48,8.96,9.32,8.65,6.59,6.18,6.91,7.68,7.36,8.44,8.25,7.46,6.98,7.91,8.29,7.14,7.54,8.43,8.52,8.48,7.83,7.09,5.95,5.36,6.01
18,Benin,BEN,1.48,1.51,1.46,1.37,1.27,1.18,1.08,1.0,0.92,0.84,0.75,0.69,0.73,0.77,0.8,0.81,0.82,0.85,0.97,1.04,2.65,2.65,2.66,2.61,2.57,2.52,2.44,2.37,2.32,2.54
19,Burkina Faso,BFA,2.48,2.51,2.56,2.58,2.54,2.51,2.47,2.44,2.52,2.57,2.63,2.71,2.78,3.37,4.0,3.64,3.3,3.62,4.23,4.68,5.12,5.58,6.07,6.48,6.04,5.6,5.13,4.7,4.62,4.96
20,Bangladesh,BGD,2.2,2.27,2.36,2.42,2.47,2.51,2.69,2.87,3.09,3.27,3.59,3.96,4.32,4.3,4.25,3.59,3.91,4.29,5.0,3.38,3.71,4.06,4.43,4.39,4.38,4.35,4.37,4.29,4.22,5.3
21,Bulgaria,BGR,13.4,13.5,13.67,13.72,13.71,13.72,13.7,12.2,14.1,16.22,19.92,18.11,13.73,12.04,10.08,8.95,6.88,5.61,6.82,10.28,11.26,12.27,12.94,11.42,9.14,7.58,6.16,5.21,4.23,5.71
22,Bahrain,BHR,0.88,0.86,0.83,0.84,0.85,0.87,0.9,0.92,0.93,0.95,0.98,0.98,1.0,1.03,1.07,1.13,1.2,1.22,1.13,1.13,1.18,1.2,1.22,1.27,1.32,1.38,1.44,1.51,1.56,4.09
23,"Bahamas, The",BHS,12.17,14.81,12.72,13.83,10.83,11.46,9.76,7.65,7.45,7.16,6.87,9.05,10.84,10.2,10.2,7.54,7.88,8.18,14.25,14.33,14.52,14.02,16.18,13.8,12.0,12.7,9.8,10.0,10.11,14.41
24,Bosnia and Herzegovina,BIH,17.55,18.43,19.4,20.29,21.13,22.01,22.88,23.78,24.78,25.67,26.59,27.65,28.64,29.54,30.4,31.11,28.98,23.41,24.07,27.31,27.58,28.01,27.49,27.52,27.69,25.41,20.53,18.4,15.69,16.85
25,Belarus,BLR,0.6,3.1,8.5,12.8,17.7,24.4,17.1,14.0,12.8,12.0,11.23,10.58,9.88,9.16,8.44,7.7,7.01,6.42,6.1,6.11,6.08,6.06,6.05,5.97,5.91,5.84,5.65,4.76,4.71,5.28
26,Belize,BLZ,9.58,9.66,9.78,11.1,12.48,13.82,12.68,14.31,12.84,10.87,9.07,10.04,10.38,10.66,10.91,9.39,8.51,8.18,8.43,8.45,8.4,8.38,8.35,8.24,7.58,7.0,6.6,6.52,6.46,7.82
27,Bermuda,BMU,,,,,,,,,,,,,,,,,,,,,,,,,,,,,,
28,Bolivia,BOL,2.74,2.79,2.87,2.89,2.89,2.89,2.88,2.88,2.91,2.89,2.88,2.91,2.9,2.87,2.82,2.72,2.64,2.6,2.86,2.55,2.22,2.05,2.39,2.01,3.07,3.5,3.66,3.52,3.46,5.61
29,Brazil,BRA,6.37,6.42,6.03,6.24,6.42,7.25,8.16,9.42,10.21,9.9,9.61,9.37,9.99,9.11,9.57,8.64,8.33,7.34,8.52,7.73,6.92,7.19,6.98,6.66,8.43,11.6,12.82,12.33,11.93,13.67
30,Barbados,BRB,22.97,22.94,24.54,22.98,19.66,14.71,14.61,12.4,10.61,9.35,9.85,10.32,11.0,9.57,9.08,8.73,7.41,8.12,10.02,10.69,11.19,11.59,11.55,12.17,11.35,9.72,9.86,10.0,10.1,12.79
31,Brunei Darussalam,BRN,4.7,4.75,4.78,4.87,4.98,5.09,5.2,5.32,5.41,5.53,5.64,5.73,5.82,5.95,6.1,6.3,6.49,6.61,6.46,6.51,6.64,6.71,6.8,6.97,7.69,8.47,9.32,8.7,6.92,8.37
32,Bhutan,BTN,1.34,1.36,1.39,1.4,1.4,1.4,1.4,1.4,1.4,1.64,1.9,1.86,1.8,2.49,3.1,3.13,3.7,3.68,3.96,3.32,3.23,2.05,2.87,2.63,2.45,2.42,2.36,2.3,2.27,3.74
33,Botswana,BWA,13.82,16.09,18.61,21.2,21.39,21.59,21.22,20.86,18.34,15.88,18.54,21.13,23.8,21.76,19.77,17.78,17.0,16.35,16.17,17.86,17.85,17.86,17.88,17.78,17.71,17.62,17.46,17.32,17.21,17.7
34,Central African Republic,CAF,4.29,4.35,4.44,4.47,4.47,4.47,4.46,4.46,4.5,4.47,4.45,4.49,4.49,4.44,4.38,4.27,4.17,4.12,4.34,4.38,4.38,4.38,4.39,4.34,4.3,4.25,4.17,4.09,4.04,4.33
35,Canada,CAN,10.32,11.2,11.38,10.4,9.49,9.62,9.1,8.28,7.58,6.83,7.22,7.67,7.57,7.19,6.76,6.32,6.04,6.14,8.34,8.06,7.51,7.29,7.07,6.91,6.91,7.0,6.34,5.83,5.66,9.48
36,Central Europe and the Baltics,CEB,9.84126723434436,10.071417032528501,11.302174516156,11.4174462800735,11.0097701590872,10.2635492852735,9.15620410617471,8.95260276409616,10.3850824445001,12.4336520143821,13.226537440085401,13.745281710744697,12.9575381964203,12.9341690214151,12.056185904952299,10.1048872464563,7.80791955307917,6.6062061188994505,8.490134204421919,9.901324675603119,9.78950134034581,9.977872216037769,10.046780709419998,8.9497725563513,7.814061976016671,6.4875672471277,5.29502738224311,4.31495143584406,3.7795934945490197,4.56181965331029
37,Switzerland,CHE,1.78,2.81,3.72,3.88,3.33,3.71,4.2,3.6,3.15,2.67,2.49,2.92,4.12,4.32,4.44,4.0,3.65,3.35,4.12,4.8,4.4,4.49,4.75,4.83,4.8,4.92,4.8,4.71,4.39,4.94
38,Channel Islands,CHI,5.63,5.59,5.53,5.56,5.61,5.67,5.73,5.78,5.81,5.88,5.94,5.96,5.99,6.07,6.16,6.31,6.45,6.5,6.29,6.28,6.35,6.37,6.41,6.51,6.62,6.74,6.87,7.01,7.11,8.16
39,Chile,CHL,5.23,4.35,4.49,5.87,4.7,7.41,7.14,7.31,11.16,10.49,10.39,10.17,9.77,10.16,9.34,9.02,8.43,9.29,11.31,8.42,7.34,6.66,6.21,6.67,6.51,6.74,6.96,7.23,7.29,11.51
40,China,CHN,2.4,2.4,2.7,2.9,3.0,3.1,3.2,3.2,3.3,3.3,3.8,4.2,4.6,4.5,4.5,4.4,4.3,4.6,4.7,4.5,4.5,4.6,4.6,4.6,4.6,4.5,4.4,4.3,4.6,5.0
41,Cote d'Ivoire,CIV,6.62,6.7,5.84,4.95,4.1,4.1,4.1,4.1,4.33,4.52,4.71,4.96,5.18,5.36,5.51,5.61,5.71,5.88,6.41,6.71,6.96,7.22,4.25,3.65,3.1,2.6,3.27,3.21,3.17,3.5
42,Cameroon,CMR,7.79,7.88,8.02,8.06,8.06,8.06,7.93,7.81,7.75,7.6,7.46,6.68,5.9,5.13,4.4,3.69,3.06,3.31,3.77,4.11,3.97,3.84,3.71,3.53,3.51,3.47,3.41,3.36,3.32,3.62
43,"Congo, Dem. Rep.",COD,2.79,2.83,2.89,2.91,2.91,2.91,2.9,2.9,2.93,2.91,2.9,2.92,2.92,2.89,2.85,2.98,3.11,3.29,3.7,3.98,4.22,4.49,4.49,4.44,4.4,4.35,4.26,4.18,4.13,4.55
44,"Congo, Rep.",COG,19.59,19.72,19.93,20.0,19.99,19.99,19.97,19.97,20.05,20.0,19.96,20.04,20.03,19.94,19.8,18.61,17.49,16.52,16.1,13.95,11.89,10.0,10.01,9.95,9.9,9.85,9.75,9.66,9.6,10.27
45,Colombia,COL,10.12,9.44,7.8,8.25,8.72,11.81,12.14,15.0,20.06,20.52,15.04,15.63,14.19,13.72,11.87,11.53,11.2,11.27,12.07,10.98,10.11,9.74,9.05,8.57,8.3,8.69,8.87,9.11,9.96,15.44
46,Comoros,COM,4.45,4.5,4.57,4.59,4.59,4.59,4.58,4.58,4.61,4.59,4.58,4.61,4.61,4.57,4.84,5.07,5.3,5.59,6.19,6.6,6.98,7.39,7.81,8.14,8.09,8.01,7.89,7.78,7.7,8.43
47,Cabo Verde,CPV,10.55,10.62,10.75,10.79,10.78,10.78,10.77,10.77,10.82,10.79,10.76,10.81,10.81,10.75,10.67,10.51,10.37,10.31,10.62,10.67,10.93,11.21,11.49,11.69,11.9,12.1,12.24,12.17,12.07,13.41
48,Costa Rica,CRI,5.37,3.93,3.95,4.05,5.18,6.16,5.68,5.33,5.9,5.08,5.92,6.33,6.56,6.39,6.57,5.74,4.49,4.78,7.71,7.17,10.14,9.78,8.77,9.06,9.0,8.6,8.14,9.63,11.49,17.08
49,Caribbean small states,CSS,13.112467379841599,13.267163412813598,13.4259733156304,12.802223024767999,12.601680107274401,12.4121334938125,12.491408228062301,11.9269695473067,11.9635404154515,11.6260760144225,11.2865352606093,11.1418701843098,10.1764332933525,9.82643843868397,9.6276270561453,8.900222816517509,8.54458035171241,8.81372737434256,9.869382483135169,10.3534515489323,10.5323384782271,11.1614440289591,11.7041867592606,10.899986703088,10.6552000313597,10.6526761066331,9.791035466878071,8.74308531743396,8.03163332332528,9.79804591449609
50,Cuba,CUB,7.94,8.04,8.22,8.28,8.27,7.61,7.1,6.23,6.26,5.45,4.08,3.31,2.33,1.85,1.95,1.91,1.79,1.58,1.67,2.5,3.18,3.46,3.29,2.7,2.4,2.0,1.7,1.7,1.67,3.87
51,Curacao,CUW,,,,,,,,,,,,,,,,,,,,,,,,,,,,,,
52,Cayman Islands,CYM,,,,,,,,,,,,,,,,,,,,,,,,,,,,,,
53,Cyprus,CYP,2.09,2.09,2.46,2.89,3.36,3.89,4.46,5.07,5.7,4.97,3.98,3.3,4.14,4.33,5.3,4.54,3.92,3.66,5.36,6.26,7.86,11.8,15.87,16.09,14.91,12.95,11.05,8.37,7.07,7.21
54,Czech Republic,CZE,2.27,3.22,4.32,4.3,4.02,3.89,4.27,5.9,8.49,8.76,7.99,7.02,7.54,8.21,7.93,7.15,5.32,4.39,6.66,7.28,6.71,6.98,6.95,6.11,5.05,3.95,2.89,2.24,2.01,2.94
55,Germany,DEU,5.32,6.32,7.68,8.73,8.16,8.83,9.86,9.79,8.86,7.92,7.77,8.48,9.78,10.73,11.17,10.25,8.66,7.53,7.74,6.97,5.82,5.38,5.23,4.98,4.62,4.12,3.75,3.38,3.14,4.31
56,Djibouti,DJI,11.38,11.47,11.61,11.66,11.65,11.66,11.64,11.64,11.7,11.66,11.63,11.69,11.69,11.62,11.52,11.34,11.17,11.1,11.46,11.52,11.51,11.52,11.54,11.45,11.39,11.31,11.18,11.06,10.97,11.57
57,Dominica,DMA,,,,,,,,,,,,,,,,,,,,,,,,,,,,,,
58,Denmark,DNK,9.1,9.03,10.72,8.04,6.99,6.84,5.4,5.04,5.14,4.48,4.16,4.27,5.4,5.2,4.83,3.9,3.8,3.68,6.41,7.75,7.77,7.8,7.38,6.93,6.28,5.99,5.83,5.13,5.02,5.66
59,Dominican Republic,DOM,6.24,6.3,6.4,6.43,6.43,6.43,6.42,6.42,6.46,6.43,7.26,6.78,6.94,6.3,6.59,5.66,5.16,4.76,5.47,5.21,6.09,6.72,7.35,6.72,7.61,7.28,5.83,5.86,6.36,8.9
60,Algeria,DZA,20.6,24.38,26.23,27.74,31.84,28.56,25.43,26.83,28.37,29.77,27.3,25.9,23.72,17.65,15.27,12.27,13.79,11.33,10.16,9.96,9.96,10.97,9.82,10.21,11.21,10.2,12.0,11.89,11.81,12.83
61,East Asia & Pacific (excluding high income),EAP,2.41356245659679,2.38403937805294,2.62917021280346,2.9196764306998997,3.00466933620368,3.0960205528818796,3.1822925601357697,3.36240007566375,3.4856823033623905,3.43295760957929,3.8300160740444498,4.1135513983296095,4.40563644504472,4.3885680532106,4.44563594807034,4.33205285627046,4.29492245932269,4.420156920823071,4.375171093108681,4.12647338665034,4.063121058372991,4.05309915345514,4.03991050783041,4.01810996702905,4.0762931509243705,3.98762806032589,3.87314410587268,3.79434727780043,3.93794310692006,4.38917997056283
62,Early-demographic dividend,EAR,5.31537889250104,5.40999341112149,5.652715196957621,5.959920969413901,6.2731891505506505,6.16391963439141,6.03646995147939,6.1549017796570595,6.32225795703627,6.30361865809034,6.382219027369651,6.64982367886472,6.544148359921089,6.3714788055697404,6.289229319442769,5.9536123967330195,5.80985362302086,5.626523745562349,5.873146804594259,5.72783917573664,5.675137184951401,5.65382808306449,5.73248726179863,5.65200526007557,5.78718374726786,5.7913140067337,5.6853021075756205,5.6358514253485295,5.60194626088011,6.86486578480005
63,East Asia & Pacific,EAS,2.4617229255076296,2.45557319566307,2.69922168242668,2.96457064704363,3.04397683869337,3.14455292804824,3.2294440779605003,3.5262883228526496,3.66284512949879,3.56330692711657,3.94559815062684,4.21984706381025,4.47674946869277,4.41307523575733,4.43652717957027,4.30465055208217,4.24619259640817,4.36474011909542,4.43597752987985,4.19887717324038,4.09128703383449,4.0657470044340895,4.03795259095385,4.00602136146584,4.04718795410293,3.95238421629485,3.83010293432016,3.7353366500912593,3.8582539835395897,4.3387491257598
64,Europe & Central Asia (excluding high income),ECA,5.27126888754356,5.52130636156703,6.248572782509999,7.83160393162915,9.115538602257839,9.87567609268874,10.7298471095185,11.7695326229881,11.953182086214099,10.6889136795317,10.007209632793801,9.69225319074475,9.4472933200009,9.16840188403866,8.55518511363469,8.08204126880197,7.29032739369234,7.2805187554144,9.020240054415721,8.43288990687264,7.81852456904163,7.2173049576179,7.23988569403826,7.426846242488099,7.541087593981401,7.50696831076666,7.251642548786321,6.92226222461471,7.13478949274496,7.965880748469731
65,Europe & Central Asia,ECS,7.0057673234783,7.47575127985478,8.63599325986986,9.679514895290449,9.99216889929873,10.338691098782698,10.558799227187698,10.7383189490231,10.637924819225,9.81152634610399,9.09971852157169,9.13322815974671,9.140059628963119,9.116242850900461,8.73192770655684,8.089263422733518,7.171463121546731,7.091559220929559,8.93647994737106,9.01760014875634,8.761266212958079,8.96974733848537,9.19736504719627,8.94987324562742,8.54615266255999,8.07889567711769,7.47220663460791,6.8881057294608405,6.68588841086627,7.406752134501571
66,Ecuador,ECU,4.62,4.68,4.77,4.8,4.8,4.8,4.79,4.79,4.82,4.8,4.25,4.95,5.66,5.0,3.78,3.55,3.14,3.92,4.61,4.09,3.46,3.24,3.08,3.48,3.62,4.6,3.84,3.53,3.81,6.23
67,"Egypt, Arab Rep.",EGY,9.38,8.92,10.92,10.93,11.04,9.0,8.37,8.03,7.95,8.98,9.26,10.01,11.01,10.32,11.2,10.49,8.8,8.52,9.09,8.76,11.85,12.6,13.15,13.11,13.05,12.41,11.74,9.82,9.73,10.45
68,Euro area,EMU,8.28794045841958,8.897182597969849,10.676881727614699,11.756992685423999,11.4365654444481,11.6663409737613,11.6606032948809,11.200253410747699,10.4403811405915,9.425973124077151,8.34799131434544,8.61464465557569,8.95962336936137,9.24665516020848,9.020674450336118,8.31290825348126,7.43647392728067,7.48428542805521,9.538052978827972,10.070558098932601,10.110130228637,11.2905073530155,11.9276418304987,11.603622022232301,10.8379273921593,10.0248106251474,9.06326044715616,8.18043402580075,7.55229856799245,8.20325602764401
69,Eritrea,ERI,6.65,6.72,6.83,6.87,6.87,6.87,6.86,6.86,6.9,6.87,6.85,6.89,6.89,6.84,6.76,6.62,6.5,6.44,6.72,6.76,6.76,6.77,6.78,6.71,6.66,6.6,6.5,6.41,6.34,7.44
70,Spain,ESP,15.93,17.7,22.16,24.21,22.68,22.14,20.7,18.67,15.48,13.79,10.35,11.15,11.28,11.09,9.15,8.45,8.23,11.25,17.86,19.86,21.39,24.79,26.09,24.44,22.06,19.64,17.22,15.26,14.1,15.67
71,Estonia,EST,1.47,3.68,6.54,7.56,9.66,9.92,10.37,9.51,11.57,13.36,13.13,10.03,11.29,10.25,8.03,5.92,4.59,5.46,13.55,16.71,12.33,10.02,8.63,7.35,6.19,6.76,5.76,5.37,4.45,6.46
72,Ethiopia,ETH,2.96,3.01,3.08,3.1,3.21,3.33,3.44,3.56,3.71,3.49,3.28,3.11,2.92,2.71,2.5,2.39,2.29,2.24,2.35,2.34,2.3,2.28,2.25,2.22,2.2,2.17,2.12,2.07,2.04,2.79
73,European Union,EUU,8.67998928802649,9.20985821639891,10.755160482832,11.5086848635779,11.102490633553698,11.113410622113301,10.8698647903213,10.4483107009366,10.180232652173,9.82492955827533,9.19580689497446,9.54174234491744,9.64726297060891,9.882398684968189,9.57043271329484,8.62586198823884,7.448928642666679,7.20456354986359,9.124110697303779,9.800563318949,9.8386893715172,10.8084610038157,11.328798713817699,10.8477876277563,10.024506159984199,9.12154937075129,8.14014318877476,7.26754474064268,6.698031200095849,7.37492817935492
74,Fragile and conflict affected situations,FCS,4.683117042324031,4.6863558761224695,4.81195052212528,4.993242166153331,5.13982704568287,5.302705218365889,5.346058956699291,5.380946124553349,5.63022724969198,5.646325321323809,5.65298276177416,5.80559094005717,5.7903176157930805,5.664657341591541,5.41404015432555,5.22850730271307,5.117997028494299,5.09369426735153,5.119298005240251,5.27486518665812,5.30409984424066,5.34258803333175,5.411392609394231,5.5854793417562005,5.5629228597894,6.060430857537559,6.35083897143335,6.24895447650161,6.21080168292098,6.87312430746009
75,Finland,FIN,6.5,11.6,16.2,16.43,17.01,15.57,14.97,13.21,11.69,11.13,10.29,10.42,10.47,10.36,8.38,7.72,6.85,6.37,8.25,8.39,7.78,7.69,8.19,8.66,9.38,8.82,8.64,7.36,6.7,7.83
76,Fiji,FJI,3.81,3.86,3.94,3.96,3.96,3.96,3.95,3.95,3.98,3.96,3.95,3.98,3.97,3.94,3.89,3.87,3.87,3.91,4.2,4.32,4.41,4.42,4.44,4.39,4.36,4.32,4.24,4.16,4.11,4.79
77,France,FRA,9.13,10.21,11.32,12.59,11.84,12.37,12.57,12.08,11.98,10.22,8.61,8.7,8.31,8.91,8.49,8.45,7.66,7.06,8.74,8.87,8.81,9.4,9.92,10.29,10.35,10.04,9.41,9.02,8.44,8.62
78,Faroe Islands,FRO,,,,,,,,,,,,,,,,,,,,,,,,,,,,,,
79,"Micronesia, Fed. Sts.",FSM,,,,,,,,,,,,,,,,,,,,,,,,,,,,,,
80,Gabon,GAB,17.51,17.61,17.78,17.77,17.7,17.64,17.56,17.49,17.49,17.39,17.29,17.29,17.22,17.08,16.91,17.37,17.84,18.44,19.59,20.39,20.38,20.4,20.41,20.3,20.22,20.11,19.93,19.77,19.64,20.47
81,United Kingdom,GBR,8.55,9.78,10.35,9.65,8.69,8.19,7.07,6.2,6.04,5.56,4.7,5.04,4.81,4.59,4.75,5.35,5.26,5.62,7.54,7.79,8.04,7.89,7.52,6.11,5.3,4.81,4.33,4.0,3.74,4.34
82,Georgia,GEO,2.7,5.4,5.4,8.4,7.6,11.5,11.5,14.53,13.8,10.82,11.16,12.59,11.51,12.62,13.81,13.57,13.28,17.87,20.71,20.2,19.63,19.65,19.42,17.44,16.51,16.6,13.94,12.67,11.57,12.05
83,Ghana,GHA,4.66,4.7,5.28,5.84,6.39,6.97,7.57,8.2,10.1,10.36,9.26,8.3,7.34,6.4,5.5,4.64,4.69,4.79,5.14,5.32,5.62,5.93,6.26,6.52,6.81,5.45,4.22,4.16,4.12,4.53
84,Gibraltar,GIB,,,,,,,,,,,,,,,,,,,,,,,,,,,,,,
85,Guinea,GIN,4.37,4.42,4.5,4.53,4.53,4.53,4.52,4.52,4.55,4.53,4.52,4.55,4.55,4.51,4.45,4.35,4.25,4.21,4.42,4.45,4.45,4.45,4.46,4.41,4.38,4.33,4.26,4.19,4.14,4.35
86,"Gambia, The",GMB,9.29,9.37,9.49,9.53,9.53,9.53,9.52,9.52,9.57,9.53,9.51,9.56,9.56,9.5,9.41,9.26,9.12,9.05,9.36,9.41,9.41,9.42,9.43,9.35,9.3,9.24,9.12,9.02,8.94,9.64
87,Guinea-Bissau,GNB,3.01,3.05,3.13,3.16,3.15,3.16,3.15,3.15,3.18,3.16,3.14,3.17,3.17,3.13,3.08,2.98,2.9,2.86,3.05,3.08,3.08,3.08,3.09,3.04,3.01,2.97,2.9,2.84,2.79,3.16
88,Equatorial Guinea,GNQ,8.3,8.38,8.5,8.54,8.54,8.54,8.53,8.53,8.57,8.54,8.52,8.57,8.56,8.51,8.42,8.26,8.12,8.06,8.37,8.42,8.42,8.43,8.44,8.36,8.31,8.24,8.13,8.03,7.95,9.15
89,Greece,GRC,7.66,7.84,8.61,8.86,9.06,9.66,9.58,10.84,11.85,11.25,10.46,9.98,9.41,10.31,9.99,9.01,8.4,7.76,9.62,12.71,17.87,24.44,27.47,26.49,24.9,23.54,21.49,19.29,17.31,16.85
90,Grenada,GRD,,,,,,,,,,,,,,,,,,,,,,,,,,,,,,
91,Greenland,GRL,,,,,,,,,,,,,,,,,,,,,,,,,,,,,,
92,Guatemala,GTM,2.67,2.71,2.77,2.8,2.79,2.79,2.79,2.79,2.81,2.8,2.78,2.81,2.81,2.97,3.02,3.02,3.03,3.08,3.36,3.5,3.12,2.77,3.02,2.72,2.51,2.58,2.46,2.41,2.36,4.65
93,Guam,GUM,3.51,3.84,5.53,7.6,7.9,8.28,9.67,7.74,13.95,15.32,13.21,11.39,9.44,7.7,7.0,7.4,8.3,8.95,9.3,8.2,13.3,12.2,11.5,7.6,6.9,5.4,5.49,5.59,5.65,7.51
94,Guyana,GUY,11.82,11.9,12.01,12.02,11.99,11.96,11.92,11.89,11.91,11.84,11.79,11.81,11.61,11.34,11.06,10.7,10.84,11.05,11.69,12.05,12.35,12.67,12.99,13.21,13.46,13.69,13.85,14.02,13.91,15.82
95,High income,HIC,6.756823476943509,7.29463849832145,7.82539285545797,7.83175124062123,7.41833707273055,7.41975587220798,7.156266004297709,7.0727956645605,6.9252649926737,6.52305216683914,6.50598591276205,7.01181100670405,7.15418699183813,6.97615149031908,6.6749763309570005,6.13033353201949,5.6117305613425,5.87715538349317,7.97761118033234,8.23198605715198,7.897866366959571,7.93577671627112,7.84485479657092,7.240826923417929,6.62513593329437,6.154018210765701,5.59942465085747,5.0874499346654805,4.79877205228422,6.80848180084402
96,"Hong Kong SAR, China",HKG,1.8,1.96,1.96,1.9,3.22,2.83,2.22,4.58,6.25,4.92,5.09,7.28,7.86,6.74,5.58,4.77,4.01,3.56,5.26,4.31,3.42,3.29,3.4,3.3,3.32,3.39,3.09,3.04,2.96,5.8
97,Honduras,HND,4.58,3.06,3.15,3.21,3.24,4.37,3.32,4.02,3.85,3.92,4.0,4.02,5.3,5.99,4.91,3.58,3.21,3.16,3.29,4.12,4.48,3.75,5.65,7.08,6.15,6.73,5.53,5.65,5.57,9.39
98,Heavily indebted poor countries (HIPC),HPC,4.90103667272978,4.94697809544248,5.04487304510571,5.04192957325052,5.026776808521991,5.05596134020991,5.03086406295486,5.05636733848337,5.2181924836132,5.2323372508238,5.1828469776848,5.19773373782426,5.212151206249169,5.10385032630903,4.98388339302941,4.83729213433719,4.707769649987349,4.62136915560213,4.812986492494111,5.03002201189305,4.98532318466275,4.87961578153704,4.743364229377481,4.66054044603928,4.69284109520232,4.61246347352258,4.50874379044659,4.4634257945607505,4.41401027624877,4.93540260825607
99,Croatia,HRV,11.14,10.8,10.43,10.16,9.92,9.68,9.71,11.39,13.56,16.06,15.82,15.05,13.92,13.66,12.6,11.13,9.91,8.53,9.2,11.62,13.68,15.94,17.25,17.29,16.18,13.1,11.21,8.43,6.62,7.2
100,Haiti,HTI,7.02,7.07,7.15,7.18,7.18,7.18,7.17,7.17,7.2,8.22,9.31,10.54,11.8,13.06,14.33,15.54,16.8,16.06,15.9,15.34,14.7,14.1,14.12,14.02,13.95,13.86,13.72,13.58,13.48,14.5
101,Hungary,HUN,9.95,9.94,12.1,10.85,10.17,10.02,8.99,8.93,6.93,6.56,5.67,5.61,5.79,5.83,7.19,7.49,7.41,7.82,10.03,11.17,11.03,11.0,10.18,7.73,6.81,5.12,4.16,3.71,3.42,4.35
102,IBRD only,IBD,4.55465562326599,4.57918959721417,4.8419337770795705,5.226595842515151,5.5348025263282095,5.6120600064827695,5.69233156458983,5.918479860955911,6.17027119937162,6.07137278592021,6.19956651994873,6.42415970035924,6.5202577702536795,6.33412672169584,6.25145500082471,5.95507036104253,5.72038475492297,5.64804374296812,6.001466448349531,5.81340542987355,5.69639363909551,5.662748368080241,5.6448497810787,5.616504038684339,5.737886739737211,5.8428619849773895,5.785719471957611,5.65539078821484,5.74950866132192,6.74643779147215
103,IDA & IBRD total,IBT,4.3997437532061,4.43110499331556,4.67591740794154,5.0094108338895,5.2702364800027,5.3533744762080895,5.42185995861868,5.62436197943825,5.8457481056425795,5.76124983254633,5.8630027532546505,6.0515268208695305,6.12506135377873,5.950257976936059,5.8601926688874,5.57832183480982,5.369073141986799,5.31000464418653,5.627472721846059,5.46416672782856,5.37227194847844,5.36053498635102,5.3676719542837406,5.3246409942258,5.453342235274019,5.58524944459803,5.56042008176932,5.44634511004526,5.505675616417809,6.415048662152361
104,IDA total,IDA,3.61951741534618,3.69184424678824,3.85553914266541,3.94701314256714,3.98966354128466,4.115112682206161,4.14356801600536,4.25140969126569,4.34707823912018,4.34549949237678,4.34678551828639,4.39143273258375,4.38424895070434,4.27547963488563,4.17022698438021,3.97300322328934,3.8910047592827004,3.90956713840332,4.102371475655819,4.066726155188221,4.09608799286142,4.1832912455633,4.301601193951701,4.21994436009561,4.39660430641386,4.64468703030121,4.75704702734277,4.71702157032374,4.67138933584337,5.306016363037981
105,IDA blend,IDB,2.87480545337077,2.98893970457125,3.21515057662472,3.42770431246256,3.51729761943478,3.77699632384187,3.79962976504195,3.95899730721115,3.92788366480596,3.7728585228780096,3.64809213231093,3.5236957488229503,3.36580961291721,3.18987061217761,3.04336186201543,2.8650578543321004,2.64688682683552,2.63504195889452,2.7859578965745597,2.8622296289212104,2.86948048319307,3.1341299389902697,3.5689033696075696,3.41088043445248,3.97640867877061,4.87164938392406,5.381262366296671,5.45032810332462,5.437643892762099,5.95636734066672
106,Indonesia,IDN,2.62,2.73,2.78,4.37,4.61,4.86,4.68,5.78,6.36,6.08,6.08,6.6,6.66,7.3,7.95,7.55,8.06,7.21,6.11,5.61,5.15,4.47,4.34,4.05,4.51,4.3,3.88,4.4,3.62,4.11
107,IDA only,IDX,3.9470014155010498,4.00056493039654,4.13547974191222,4.174280624812259,4.19458359667751,4.26237886064623,4.29410475310067,4.37935473242261,4.530805143771429,4.597313635387491,4.653086651419691,4.770935631894179,4.83068519947036,4.75246409350593,4.66345118390699,4.45889083637586,4.4395544929355095,4.473575024042731,4.68906810976112,4.60675437426923,4.6493268021006395,4.65409460694799,4.62813018603414,4.58043877520385,4.58479836770461,4.54347935313271,4.47914548777352,4.39017613337952,4.32817325645195,5.01630906455001
108,Isle of Man,IMN,,,,,,,,,,,,,,,,,,,,,,,,,,,,,,
109,India,IND,5.55,5.61,5.72,5.75,5.75,5.75,5.74,5.74,5.78,5.75,5.73,5.77,5.77,5.72,5.65,5.52,5.41,5.36,5.61,5.65,5.65,5.66,5.67,5.6,5.56,5.51,5.41,5.33,5.27,7.11
110,Not classified,INX,,,,,,,,,,,,,,,,,,,,,,,,,,,,,,
111,Ireland,IRL,15.78,15.03,15.59,14.57,11.98,11.72,10.2,7.7,5.8,4.32,3.68,4.22,4.48,4.49,4.34,4.42,4.98,6.77,12.61,14.53,15.35,15.45,13.74,11.86,9.91,8.37,6.71,5.74,4.95,5.92
112,"Iran, Islamic Rep.",IRN,11.1,10.72,10.39,9.98,9.53,9.1,9.66,10.24,10.89,11.48,12.09,12.8,11.54,10.3,12.1,11.2,10.6,10.48,11.97,13.52,12.45,12.63,10.44,10.57,11.06,12.43,12.1,12.06,11.14,10.96
113,Iraq,IRQ,8.81,8.88,9.0,9.04,9.04,9.04,9.03,9.03,9.07,9.04,9.02,9.07,9.06,9.01,8.93,8.78,8.65,8.4,8.49,8.34,8.15,7.97,9.27,10.59,10.72,10.82,13.02,12.87,12.76,13.74
114,Iceland,ISL,2.55,4.31,5.26,5.33,5.2,3.6,3.72,3.07,2.18,1.94,1.87,2.99,4.0,4.03,2.55,2.83,2.25,2.95,7.22,7.56,7.03,6.0,5.38,4.9,3.98,2.98,2.74,2.7,3.51,5.01
115,Israel,ISR,13.39,14.08,12.74,9.93,8.78,8.46,9.75,10.75,11.18,11.1,11.81,12.89,13.51,13.03,11.34,10.71,9.38,7.7,9.53,8.48,7.14,6.86,6.21,5.89,5.25,4.8,4.22,4.0,3.8,4.61
116,Italy,ITA,10.1,9.33,10.24,11.09,11.67,11.87,12.0,12.12,11.69,10.84,9.6,9.21,8.87,7.87,7.73,6.78,6.08,6.72,7.75,8.36,8.36,10.66,12.15,12.68,11.9,11.69,11.21,10.61,9.95,9.31
117,Jamaica,JAM,15.74,15.75,16.32,15.34,16.23,16.01,16.35,15.5,15.74,15.54,14.93,14.19,11.74,11.44,11.26,10.33,9.75,10.33,11.36,12.37,12.7,13.93,15.25,13.74,13.51,13.19,11.63,9.1,7.72,8.4
118,Jordan,JOR,19.36,19.49,19.7,17.09,14.6,13.7,13.69,13.69,13.74,13.7,14.7,15.3,14.5,14.67,14.8,14.0,13.1,12.7,12.9,12.5,12.9,12.2,12.6,11.9,13.08,15.28,15.78,16.29,16.85,18.5
119,Japan,JPN,2.1,2.2,2.5,2.9,3.2,3.4,3.4,4.1,4.7,4.7,5.0,5.4,5.3,4.7,4.4,4.1,3.9,4.0,5.1,5.1,4.52,4.3,4.0,3.6,3.4,3.1,2.8,2.4,2.4,2.97
120,Kazakhstan,KAZ,0.9,1.0,1.11,7.54,10.98,12.96,13.01,13.13,13.46,12.75,10.43,9.33,8.78,8.4,8.13,7.79,7.26,6.63,6.55,5.77,5.39,5.29,5.2,5.06,4.93,4.96,4.9,4.85,4.8,6.05
121,Kenya,KEN,2.79,2.83,2.9,2.93,2.92,2.93,2.92,2.92,2.95,2.93,2.91,2.94,2.94,2.91,2.86,2.77,2.69,2.66,2.83,2.86,2.86,2.86,2.87,2.82,2.8,2.76,2.69,2.64,2.6,2.98
122,Kyrgyz Republic,KGZ,1.0,1.1,3.4,4.7,5.6,7.3,7.5,8.9,8.4,7.54,7.84,12.55,9.92,8.53,8.11,8.27,8.1,8.22,8.41,8.64,8.53,8.43,8.33,8.05,7.56,7.21,6.89,6.79,6.72,7.89
123,Cambodia,KHM,0.77,0.79,0.83,0.84,0.84,0.84,0.89,0.95,1.02,1.07,1.12,1.21,1.27,1.31,1.32,1.29,1.26,0.83,0.58,0.77,0.58,0.51,0.44,0.69,0.39,0.72,0.14,0.13,0.13,0.31
124,Kiribati,KIR,,,,,,,,,,,,,,,,,,,,,,,,,,,,,,
125,St. Kitts and Nevis,KNA,,,,,,,,,,,,,,,,,,,,,,,,,,,,,,
126,"Korea, Rep.",KOR,2.41,2.51,2.88,2.48,2.06,2.05,2.61,6.96,6.34,4.4,4.0,3.3,3.6,3.7,3.7,3.5,3.2,3.2,3.6,3.7,3.4,3.2,3.1,3.5,3.55,3.65,3.65,3.82,3.75,4.07
127,Kuwait,KWT,0.81,0.81,0.8,0.7,0.7,0.7,0.7,0.7,0.7,0.8,0.8,1.1,1.3,1.7,1.49,1.3,1.5,1.75,1.64,1.82,2.07,2.3,2.56,2.9,2.2,2.16,2.25,2.34,2.41,6.79
128,Latin America & Caribbean (excluding high income),LAC,5.932776937188179,5.96985537525329,6.05946395202183,6.50021890726545,7.7157346796597,7.86349746811185,7.76419794533355,8.19053739743788,8.85745872498287,8.86217187889197,8.42532520227237,8.63459272410286,8.43980955941226,7.958024032257851,7.6977793287088705,7.0914825117622495,6.75692351689101,6.37762387717954,7.39402920436911,6.8396069560543395,6.37649062266547,6.3305265010116605,6.24515434082107,6.04632285211776,6.634896055806661,7.8504035344391,8.15695199200342,8.014083164402539,8.04150724589441,10.2714610450071
129,Lao PDR,LAO,2.45,2.49,2.58,2.6,2.6,2.46,2.32,2.19,2.09,1.95,1.82,1.73,1.62,1.49,1.35,1.15,0.99,0.85,0.81,0.71,0.71,0.71,0.71,0.7,0.69,0.67,0.65,0.64,0.62,0.95
130,Lebanon,LBN,8.4,8.47,8.59,8.63,8.63,8.63,8.62,8.51,8.45,8.31,8.18,8.12,8.01,7.85,8.27,8.62,8.98,7.45,6.36,6.4,6.39,6.4,6.41,6.35,6.31,6.26,6.18,6.1,6.04,6.61
131,Liberia,LBR,2.21,2.24,2.3,2.32,2.32,2.32,2.31,2.31,2.34,2.32,2.31,2.33,2.33,2.3,2.27,2.19,2.13,2.11,2.24,2.27,2.24,2.21,2.19,2.13,2.08,3.08,3.0,2.94,2.89,3.3
132,Libya,LBY,18.85,18.96,19.14,19.19,19.19,19.19,19.17,19.17,19.24,19.19,19.16,19.23,19.23,19.14,19.02,18.8,18.6,18.51,18.95,19.03,19.02,19.03,19.05,18.94,18.87,18.77,18.61,18.46,18.34,19.39
133,St. Lucia,LCA,16.55,16.64,16.8,17.0,15.83,16.33,20.47,21.6,18.09,16.49,18.34,20.39,22.18,20.97,18.7,16.0,14.0,12.72,15.37,17.11,18.86,19.06,22.21,21.41,20.67,19.91,19.1,19.29,15.59,17.13
134,Latin America & Caribbean,LCN,6.1733690574544795,6.107921141678519,6.14420917363068,6.6554033560534505,7.79063340434165,8.07039112431941,7.944904933036081,8.33146751519217,9.19640339600283,9.16140120973756,8.74380296796047,9.083827828909039,8.921246215865631,8.38378541843087,7.92144775828482,7.25601446710333,6.863157630285599,6.490773398988019,7.48578798384338,6.946368380335049,6.47495049313825,6.39224370700578,6.34195980721563,6.16778480478442,6.69108833852548,7.805506814217809,8.08354318701257,7.95634520867609,7.98616672203364,10.2801351542291
135,Least developed countries: UN classification,LDC,3.80591953420296,3.86662193412942,3.9603962309633602,3.97495552298556,3.98736764450153,3.99659180733204,4.01647333213427,4.05357523179784,4.16128145458962,4.19304836483854,4.24534818976717,4.37568377194088,4.49029091159621,4.46068132721657,4.4268826881607595,4.25774378140825,4.237994461281669,4.21328734340176,4.46017020648517,4.511491269089451,4.49899844163566,4.514994168359411,4.5280403170059005,4.48164773095193,4.50728732659486,4.52403310018072,4.5012801468395,4.39613507717279,4.3350729975399895,5.00762242611226
136,Low income,LIC,4.35835128189798,4.43143025195676,4.55135784011072,4.60911987691754,4.66029632861066,4.71934169426668,4.76382442084085,4.8364676435725,4.95224519810557,4.99808563678303,5.04230845479358,5.07095010464892,5.05964992858867,4.92025446114884,4.793218504825741,4.737734942172559,4.7201484047060305,4.780153633748,4.813728897737151,4.974126801920041,4.95050680365044,4.97678440570581,4.877121273568441,4.85380660566834,4.87908151579264,4.833304338047929,4.74755069616541,4.662978184086049,4.6134901174720495,5.10318049922879
137,Liechtenstein,LIE,,,,,,,,,,,,,,,,,,,,,,,,,,,,,,
138,Sri Lanka,LKA,14.66,14.22,13.82,13.03,12.27,11.35,10.6,9.17,8.88,7.74,7.9,8.76,8.22,8.38,7.67,6.5,5.97,5.22,5.85,4.78,4.12,3.88,4.24,4.19,4.52,4.24,4.05,4.32,4.27,4.84
139,Lower middle income,LMC,4.7575253675279905,4.82825674502859,5.002398513810269,5.20444995766879,5.368486587649611,5.4049502235018005,5.422179628306901,5.6061951349214105,5.73948452995854,5.713624995722519,5.68852315726658,5.735660873447549,5.6917894760157095,5.583436331296871,5.5960572879026405,5.324821470266119,5.22187823093457,5.06341125893032,5.225262702891321,5.14508477871805,5.134028064313361,5.11921840764069,5.14451346437107,5.08674342853996,5.221752197191309,5.30576873458516,5.2808070955945094,5.19110159383884,5.06907901875838,6.17511621852187
140,Low & middle income,LMY,4.27671986137133,4.32086666540667,4.56879826963624,4.8922972745207,5.16370905714122,5.24217021945001,5.32889313877284,5.53800652024117,5.715188676037281,5.59818062759261,5.68799079733076,5.855526835272991,5.93257974077613,5.768151179238441,5.71049746787656,5.467398043095269,5.29606370589247,5.25880202107159,5.56629824323676,5.3961504678881,5.30772936692271,5.29620200795475,5.29839911088938,5.26197818915597,5.404040104968491,5.547459399508481,5.53223728968997,5.42547577037341,5.489659601343269,6.3861147352422
141,Lesotho,LSO,37.44,37.61,37.88,37.97,37.96,37.96,37.94,37.03,36.23,35.27,34.35,33.58,32.72,31.77,30.78,29.69,28.65,27.76,27.5,26.81,26.04,25.3,24.58,24.47,24.4,24.3,24.13,23.98,23.86,24.65
142,Late-demographic dividend,LTE,3.6604298257066,3.63022641320351,3.8841347917190294,4.26208474531636,4.40814167759615,4.576763629611991,4.81910276363455,5.085910091137451,5.37012055202902,5.21017176510404,5.35934006067567,5.53639098879017,5.80767772259032,5.6239685319820305,5.542662915758389,5.27794085278241,5.00063142748925,5.07139806343292,5.47249661621379,5.17444850847454,5.035186293344481,5.04016763567854,5.0018484629292,4.91752436955034,5.0686418896526595,5.240530546494,5.22320257823326,5.034930066998481,5.219072709919611,5.9349211134035995
143,Lithuania,LTU,1.1,1.2,13.8,13.8,17.54,16.4,14.13,13.71,13.39,15.93,16.84,13.01,12.88,10.68,8.33,5.78,4.25,5.83,13.79,17.81,15.39,13.37,11.77,10.7,9.12,7.86,7.07,6.15,6.26,8.43
144,Luxembourg,LUX,1.48,2.03,2.33,3.48,2.92,3.29,2.53,2.76,2.39,2.35,1.81,2.62,3.68,5.11,4.49,4.73,4.07,5.06,5.12,4.36,4.9,5.14,5.85,5.85,6.67,6.29,5.52,5.59,5.6,6.96
145,Latvia,LVA,2.7,6.6,16.7,18.7,19.0,20.7,14.9,14.46,13.79,14.21,13.82,13.83,12.06,11.71,10.03,7.03,6.05,7.74,17.52,19.48,16.21,15.05,11.87,10.85,9.87,9.64,8.72,7.41,6.31,8.19
146,"Macao SAR, China",MAC,3.01,2.2,2.1,2.5,3.6,4.2,3.2,4.6,6.3,6.8,6.4,6.3,6.0,4.9,4.1,3.8,3.2,3.0,3.58,2.84,2.56,1.97,1.82,1.7,1.81,1.9,2.0,1.8,1.7,2.5
147,St. Martin (French part),MAF,,,,,,,,,,,,,,,,,,,,,,,,,,,,,,
148,Morocco,MAR,13.57,13.67,13.84,13.9,13.89,13.89,13.88,13.88,13.94,13.58,12.46,11.59,11.92,10.83,11.01,9.67,9.56,9.57,8.96,9.09,8.91,8.99,9.23,9.7,9.46,9.3,9.19,9.08,9.01,10.15
149,Monaco,MCO,,,,,,,,,,,,,,,,,,,,,,,,,,,,,,
150,Moldova,MDA,1.9,3.7,3.7,5.8,5.3,7.9,7.9,10.0,11.14,8.46,7.29,6.8,7.95,8.17,7.29,7.38,5.07,3.98,6.4,7.45,6.68,5.58,5.1,3.86,3.69,4.19,4.1,4.11,5.1,4.71
151,Madagascar,MDG,5.56,5.63,5.76,5.8,5.8,5.8,5.79,5.79,5.83,5.8,5.35,5.2,5.01,3.72,2.62,2.84,3.06,3.34,3.88,4.28,2.02,0.6,0.94,1.33,1.79,1.76,1.73,1.69,1.67,1.92
152,Maldives,MDV,0.76,0.77,0.79,0.79,0.79,0.98,1.2,1.43,1.7,1.97,2.66,3.48,4.39,5.36,6.38,7.39,8.47,9.71,11.7,10.28,8.86,7.57,6.37,5.21,5.67,6.12,6.0,5.9,5.82,7.18
153,Middle East & North Africa,MEA,11.1491874973883,11.5162985074316,12.0636311719348,12.0010602980769,12.147218872825999,11.3036396299513,11.0154089104833,11.2122099841608,11.4551725496876,11.9644006915082,11.990436109639301,12.1659675224566,11.8794631030371,10.7332460230867,10.9491569988412,10.074695789681801,9.55922133020402,9.19768405614343,9.35466931658996,9.498380281805689,10.0014654803434,10.1903573183528,9.83429998300039,9.951817659098449,10.055054894362401,10.1134128834236,10.238651233835501,9.81297431356791,9.5968271053253,10.6343786054098
154,Mexico,MEX,3.15,3.24,3.37,4.44,7.1,5.47,4.24,3.73,2.6,2.65,2.63,3.0,3.46,3.94,3.56,3.57,3.63,3.87,5.36,5.3,5.17,4.89,4.91,4.81,4.31,3.86,3.42,3.28,3.48,4.71
155,Marshall Islands,MHL,,,,,,,,,,,,,,,,,,,,,,,,,,,,,,
156,Middle income,MIC,4.27131064860604,4.3134782347215594,4.569975819651269,4.91156710195707,5.19840103478492,5.27849041145616,5.3685063997185996,5.58772095910599,5.76977378346308,5.64157652496073,5.735319731631651,5.91377467916147,5.9981774916041894,5.83257715999974,5.781124001093509,5.524358325844441,5.3416023988637,5.29726530218975,5.6276632206245605,5.431174069457179,5.337834145292519,5.32352204231253,5.3350630296381905,5.29811710670347,5.451395959834,5.613195319548219,5.605851353304599,5.49846870418319,5.57517404215304,6.515377178983099
157,North Macedonia,MKD,35.53,35.68,35.95,36.03,36.02,36.02,36.0,34.5,32.4,32.2,30.52,31.94,36.69,37.16,37.25,36.03,34.93,33.76,32.18,32.02,31.38,31.02,29.0,28.03,26.07,23.72,22.38,20.74,17.26,18.4
158,Mali,MLI,3.21,3.24,3.29,3.31,3.3,3.3,3.3,3.92,4.62,5.33,6.1,6.97,7.86,8.75,9.76,10.72,11.71,10.23,9.28,8.07,6.9,6.62,6.35,6.38,7.73,7.6,7.41,7.31,7.24,7.5
159,Malta,MLT,5.89,5.87,5.83,5.88,5.95,6.03,6.11,6.19,6.24,6.32,7.11,6.9,7.49,7.32,6.92,6.8,6.47,5.98,6.89,6.85,6.38,6.2,6.11,5.73,5.38,4.69,4.0,3.66,3.4,4.09
160,Myanmar,MMR,0.76,0.78,0.81,0.82,0.82,0.82,0.82,0.82,0.83,0.82,0.82,0.83,0.83,0.82,0.79,0.75,0.72,0.71,0.78,0.79,0.79,0.79,0.8,0.78,0.77,1.14,1.56,0.87,0.5,1.79
161,Middle East & North Africa (excluding high income),MNA,11.880762534194501,12.1463569942241,12.875091369882801,12.9336143230387,13.3038300598619,12.35308779117,11.996647739275,12.221941183217199,12.513226036594,13.1100960856803,13.1223075765784,13.254163821835698,12.889908294974502,11.562174611874699,11.896533159237098,10.932939633850602,10.480458780591,10.2526232901682,10.4469693211355,10.7260457712845,11.434891572031601,11.763486959674301,11.3702977205129,11.5566454405391,11.7804883684442,11.875494515283698,12.011932898547402,11.495059087311699,11.214426858736301,11.9045156747509
162,Montenegro,MNE,30.04,30.21,30.49,30.58,30.57,30.57,30.55,30.55,30.65,30.58,30.53,30.64,30.63,30.5,30.31,24.51,19.4,17.15,19.09,19.65,19.67,19.97,19.5,18.0,17.54,17.72,16.07,15.18,15.12,15.86
163,Mongolia,MNG,5.99,6.05,6.15,6.18,6.18,6.18,6.17,6.17,6.21,6.18,6.16,6.2,6.8,6.96,7.09,7.14,7.2,5.57,5.86,6.55,4.77,3.91,4.23,4.8,4.86,7.24,6.36,5.38,5.31,4.33
164,Northern Mariana Islands,MNP,,,,,,,,,,,,,,,,,,,,,,,,,,,,,,
165,Mozambique,MOZ,2.59,2.63,2.69,2.71,2.71,2.71,2.7,2.75,2.82,2.85,2.88,2.95,3.0,3.01,3.01,2.97,2.94,2.95,3.17,3.25,3.3,3.35,3.41,3.41,3.43,3.38,3.31,3.24,3.19,3.39
166,Mauritania,MRT,9.74,9.81,9.94,9.98,9.97,9.98,9.96,9.96,10.01,9.98,9.96,10.0,10.0,9.94,9.86,9.7,9.57,9.51,9.81,9.86,9.86,9.87,10.04,10.12,10.22,10.31,10.34,10.22,10.13,10.66
167,Mauritius,MUS,9.34,9.42,9.55,9.6,9.59,9.52,9.44,9.36,9.34,9.24,9.14,8.21,8.3,8.34,9.52,9.04,8.48,7.17,7.26,7.65,7.45,7.47,7.32,7.47,7.41,6.81,6.75,6.43,6.36,7.11
168,Malawi,MWI,5.84,5.9,6.0,6.03,6.03,6.03,6.02,6.02,6.06,6.03,6.01,6.05,6.05,6.0,5.93,5.81,5.7,5.65,5.89,5.94,5.93,5.94,5.95,5.89,5.85,5.79,5.7,5.62,5.56,5.99
169,Malaysia,MYS,3.66,3.71,4.11,3.63,3.15,2.52,2.45,3.2,3.43,3.0,3.53,3.48,3.61,3.54,3.53,3.32,3.23,3.34,3.69,3.25,3.05,3.04,3.11,2.88,3.1,3.44,3.41,3.3,3.31,4.55
170,North America,NAC,7.161714269075249,7.87399650465234,7.35089562065506,6.54692266996638,6.030329245761559,5.86122996226007,5.40367020299147,4.8823574241913,4.55310988334658,4.272213108369431,4.979645703212481,5.973513082018349,6.154587295746759,5.70367930421911,5.25512954515686,4.79720665016852,4.76958451669004,5.81808472808696,9.15315613368309,9.4610707170194,8.79408832428069,7.98560718635762,7.3461311131591795,6.25079976569255,5.45787089131637,5.1021146709019005,4.5764243656142405,4.11126989646469,3.88949185783606,8.438946866872701
171,Namibia,NAM,19.14,19.22,19.37,19.4,21.02,22.71,24.45,23.02,21.7,20.3,20.72,21.25,21.71,22.09,21.98,21.76,21.56,21.48,21.99,22.1,19.33,16.77,19.03,18.52,20.89,23.35,21.57,19.88,19.75,20.35
172,New Caledonia,NCL,18.38,18.35,18.28,18.37,18.5,18.64,18.38,18.1,17.78,17.51,17.24,16.89,16.57,16.31,15.92,15.59,15.26,14.79,13.97,14.03,14.18,14.27,14.38,14.59,14.75,14.92,15.11,15.31,15.45,16.52
173,Niger,NER,1.39,1.41,1.46,1.48,1.48,1.48,1.47,1.47,1.49,1.48,1.47,1.86,2.28,2.69,3.1,2.33,1.7,1.22,0.91,0.58,0.32,2.18,1.22,0.52,0.52,0.51,0.49,0.47,0.46,0.69
174,Nigeria,NGA,3.71,3.75,3.81,3.83,3.83,3.83,3.83,3.83,3.85,3.83,3.82,3.85,3.84,3.81,3.77,3.69,3.62,3.59,3.75,3.77,3.77,3.74,3.7,4.56,4.31,7.06,8.39,8.45,8.53,9.01
175,Nicaragua,NIC,7.34,7.41,7.54,7.58,7.57,7.57,7.56,7.56,7.61,7.58,7.55,7.6,7.6,6.41,5.37,5.31,4.89,6.2,8.16,7.83,6.45,5.21,5.28,4.52,4.7,3.9,3.3,5.2,5.14,5.82
176,Netherlands,NLD,7.28,5.56,6.29,7.16,7.16,6.42,5.51,4.39,3.62,2.73,2.12,2.55,3.59,4.65,5.87,5.0,4.15,3.65,4.35,4.99,4.98,5.82,7.24,7.42,6.87,6.01,4.84,3.83,3.38,4.09
177,Norway,NOR,5.41,5.91,5.97,5.35,6.31,5.04,4.69,3.74,3.25,3.46,3.74,4.02,4.22,4.26,4.38,3.4,2.49,2.55,3.1,3.52,3.22,3.12,3.42,3.48,4.3,4.68,4.16,3.8,3.69,4.62
178,Nepal,NPL,1.75,1.78,1.82,1.84,1.84,1.84,1.83,1.83,1.85,1.8,1.75,1.73,1.69,1.63,1.56,1.47,1.38,1.33,1.64,1.88,2.11,2.36,2.63,2.85,3.1,3.05,2.97,2.9,2.85,4.44
179,Nauru,NRU,,,,,,,,,,,,,,,,,,,,,,,,,,,,,,
180,New Zealand,NZL,10.61,10.67,9.8,8.35,6.46,6.29,6.86,7.72,7.02,6.13,5.43,5.28,4.75,4.01,3.81,3.86,3.66,4.17,6.12,6.56,6.49,6.93,5.77,5.37,5.35,5.08,4.7,4.3,4.07,4.55
181,OECD members,OED,6.8005621810258905,7.2754122595473705,7.74309252487688,7.8264780823319295,7.60116156560874,7.54854194478218,7.2479727529861995,7.21084813200254,7.17083454372255,6.77694170033161,6.628005560405639,7.17657242613606,7.29796834650762,7.18681443617704,6.82822274865728,6.263846204762,5.809789747551201,6.1333627017431,8.280946368412259,8.427840419177999,8.03843987688793,8.01592115742603,7.92932471323467,7.4128536004925,6.83684409117288,6.4222838078767,5.89504557757821,5.45770749373693,5.393853848459849,7.37963718635683
182,Oman,OMN,3.19,3.16,3.12,3.16,3.21,3.26,3.33,3.39,3.42,3.49,3.55,3.59,3.63,3.71,3.8,3.94,4.08,4.14,3.84,3.71,3.64,3.52,3.42,3.37,3.32,3.27,2.49,1.8,1.84,4.97
183,Other small states,OSS,11.564066175589302,12.132660128031398,12.8159557479888,13.2091934279459,13.596666907039001,13.791001990251601,13.977534476833698,13.7139055877559,13.5413316594651,13.207431570810499,13.1973206712062,12.975790927934899,13.178947948549302,12.765502082425,12.2789811069141,11.4394201375894,10.75974064348,10.3243323323794,11.012754596330002,11.1524647975926,10.6284729907911,10.3440145280701,10.4870941761627,10.2334265656285,10.156485590540301,10.1510165244871,9.755420661114869,9.363622222305981,9.168994325128859,10.4620267915104
184,Pakistan,PAK,0.59,0.6,0.62,0.63,0.63,0.63,0.63,0.63,0.64,0.63,0.63,0.64,0.64,0.63,0.61,0.58,0.4,0.42,0.54,0.65,0.8,1.7,2.95,1.83,3.57,3.78,3.94,4.08,3.98,4.65
185,Panama,PAN,3.63,3.68,3.76,3.79,3.79,3.79,3.78,3.78,3.81,3.79,3.78,3.81,3.81,3.77,3.71,3.61,3.52,3.48,3.68,3.71,2.31,2.39,2.3,2.72,3.0,3.32,3.9,3.89,4.74,10.23
186,Peru,PER,5.56,5.63,5.74,5.78,5.77,5.77,5.76,5.76,5.81,5.78,5.76,5.8,4.79,4.9,4.86,4.26,3.92,3.82,3.73,3.3,3.27,2.94,3.21,2.85,2.92,3.38,3.35,3.18,3.03,6.24
187,Philippines,PHL,3.56,3.61,3.69,3.71,3.71,3.71,3.7,3.7,3.73,3.71,3.7,3.63,3.53,3.55,3.8,4.05,3.43,3.72,3.86,3.61,3.59,3.5,3.5,3.6,3.07,2.69,2.55,2.34,2.24,3.36
188,Palau,PLW,,,,,,,,,,,,,,,,,,,,,,,,,,,,,,
189,Papua New Guinea,PNG,2.78,2.82,2.9,2.92,2.92,2.92,2.91,2.91,2.94,2.92,2.81,2.75,2.66,2.54,2.41,2.25,2.11,2.0,2.06,2.0,2.62,2.63,2.63,2.59,2.56,2.53,2.47,2.41,2.37,2.74
190,Poland,POL,13.66,13.65,14.39,14.83,13.7,12.68,10.96,9.94,12.29,16.31,18.37,19.9,19.37,19.07,17.75,13.84,9.6,7.12,8.17,9.64,9.63,10.09,10.33,8.99,7.5,6.16,4.89,3.85,3.28,3.55
191,Pre-demographic dividend,PRE,5.0333188095470796,5.08667348416015,5.151458659240269,5.12279970435286,5.068839185121219,5.04480111418609,4.99973571474861,4.97850031445299,5.0421723616624,5.057886671536281,5.07076963131832,5.143209461295941,5.19034517151245,5.1365271996381905,5.08571143235989,4.969546981008929,4.82502186178125,4.73381923855451,4.9126305949993,5.32051608219251,5.22192875891927,5.151831190737701,5.03542828017859,5.15028558276812,5.1229739914838,5.589165554988821,5.864935117172611,5.8224846867130395,5.79679672279942,6.2072269606424495
192,Puerto Rico,PRI,16.18,16.93,16.91,14.6,13.93,13.64,13.8,13.46,11.81,10.08,11.4,11.94,11.78,10.31,11.35,11.01,10.93,11.48,15.0,16.1,15.7,14.5,14.3,13.9,12.0,11.8,10.8,9.2,8.3,11.17
193,"Korea, Dem. People's Rep.",PRK,2.83,2.87,2.95,2.97,2.97,2.97,2.96,2.96,2.99,2.97,2.96,2.99,2.99,2.95,2.9,2.8,2.72,2.69,2.87,2.9,2.9,2.9,2.91,2.86,2.83,2.79,2.72,2.66,2.62,2.81
194,Portugal,PRT,3.92,3.99,5.3,6.71,7.06,7.3,6.57,4.65,4.58,3.81,3.83,4.5,6.13,6.32,7.58,7.65,7.96,7.55,9.43,10.77,12.68,15.53,16.18,13.89,12.44,11.07,8.87,6.99,6.46,7.2
195,Paraguay,PRY,9.06,9.16,9.31,9.36,9.36,9.36,9.34,9.34,9.4,9.36,9.33,9.39,6.81,6.51,4.83,5.28,4.71,4.42,5.46,4.57,4.67,4.09,4.39,5.03,4.56,5.26,4.62,5.56,6.6,7.61
196,West Bank and Gaza,PSE,10.45,10.5,10.6,10.62,10.62,10.62,10.61,10.61,10.65,10.63,21.49,27.47,23.0,23.22,20.02,19.01,18.28,22.91,20.45,21.42,17.6,19.2,19.89,20.53,23.01,23.94,25.68,26.26,25.34,27.35
197,Pacific island small states,PSS,3.1145262927248902,3.17472533193565,3.26829312310683,3.32339379264951,3.3564487651388197,3.3901905663364,3.4155050183271802,3.44914912389108,3.5140593252458197,3.52478146932685,3.54830264845919,3.6043278246822,3.6242032934958703,3.5059119086414396,3.3914899758257,3.28818433798019,3.25429981889502,3.2666134633151698,3.5151099102854197,3.1306231592414395,3.06566749238144,3.1349581061720095,3.03245324382206,2.97058324269847,2.9231026274641203,2.8722321658748595,2.80111540066778,2.73621425104196,2.67829524662537,3.10680538428914
198,Post-demographic dividend,PST,6.34579171187914,6.912706119728759,7.47520248260245,7.5100333935219,7.4034436475633205,7.570021894034441,7.358740123219531,7.38140881047688,7.10860387999178,6.53748713800642,6.3759858621008805,6.7678910468204405,6.857935344756879,6.6602993891113496,6.3529047677619195,5.93081691836099,5.52590869308872,5.866635053796919,8.02535656370756,8.304173159908741,8.01346953544256,8.068222338108539,7.9800168101024695,7.45979742125763,6.86627412270847,6.400147279925231,5.83366636955688,5.28364899528676,4.95838474891878,6.95768546258796
199,French Polynesia,PYF,11.07,11.03,10.97,11.03,11.11,11.21,11.31,11.41,11.46,11.57,11.67,11.71,11.64,11.62,11.62,11.69,11.74,11.82,11.57,11.58,11.67,11.71,11.77,11.92,12.06,12.23,12.4,12.59,12.72,13.81
200,Qatar,QAT,0.56,0.51,0.46,0.46,0.46,0.48,0.5,0.52,0.53,0.57,0.6,0.62,0.65,0.71,0.77,0.87,0.52,0.31,0.31,0.45,0.56,0.48,0.28,0.2,0.17,0.15,0.14,0.11,0.12,3.45
201,Romania,ROU,8.18,8.26,8.26,8.17,8.01,6.74,5.51,5.63,6.24,6.97,6.56,8.11,6.95,7.72,7.17,7.27,6.41,5.79,6.86,6.96,7.18,6.79,7.1,6.8,6.81,5.9,4.93,4.19,3.91,4.84
202,Russian Federation,RUS,5.13,5.18,5.88,8.13,9.45,9.67,11.81,13.26,13.04,10.58,8.98,7.88,8.21,7.76,7.12,7.06,6.0,6.21,8.3,7.37,6.54,5.44,5.46,5.16,5.57,5.56,5.21,4.85,4.6,5.73
203,Rwanda,RWA,0.3,0.35,0.41,0.46,0.51,0.56,0.61,0.66,0.72,0.77,0.82,0.89,0.92,0.93,0.93,0.9,0.88,0.88,1.02,1.07,1.1,1.14,1.18,1.17,1.14,1.11,1.06,1.02,0.99,1.35
204,South Asia,SAS,4.9908128756851795,5.031792790363269,5.12699031646557,5.14134511320968,5.1338570983784,5.114207383272981,5.100041661478451,5.09185408856153,5.13018056371644,5.09447690112636,5.10944044774334,5.18811830672975,5.20851158166555,5.16383370025878,5.09355746521614,4.90318003527224,4.81112336077498,4.78758401176905,5.063924706976009,4.93176679093404,4.963764867714151,5.08532932510903,5.2612571621207405,5.092405821669,5.24545920913143,5.2207808830174,5.15503634417406,5.1021097567817195,5.0364825915779905,6.62507641718098
205,Saudi Arabia,SAU,7.21,7.2,6.67,6.25,5.86,5.48,5.1,4.73,4.35,4.57,4.62,5.27,5.56,5.82,6.05,6.25,5.73,5.08,5.38,5.55,5.77,5.52,5.57,5.72,5.59,5.65,5.89,6.04,6.13,8.22
206,Sudan,SDN,15.12,15.22,15.39,15.44,15.44,15.44,15.43,15.43,15.49,15.45,15.41,15.48,15.48,15.4,15.28,15.07,14.88,14.8,13.0,15.17,17.44,17.45,17.47,17.36,17.29,17.19,17.02,16.87,16.76,17.71
207,Senegal,SEN,5.49,5.53,5.61,5.63,5.63,5.63,5.63,5.63,5.66,5.64,5.62,5.65,6.7,7.79,8.92,10.03,9.89,9.85,10.25,10.34,10.36,9.42,8.53,7.61,6.76,6.7,6.61,6.53,6.47,7.1
208,Singapore,SGP,2.18,3.09,3.07,3.03,3.3,3.57,2.5,3.41,4.85,3.7,3.76,5.65,5.93,5.84,5.59,4.48,3.9,3.96,5.86,4.12,3.89,3.72,3.86,3.74,3.79,4.08,4.2,3.65,3.1,5.19
209,Solomon Islands,SLB,1.98,2.02,2.1,2.13,2.12,2.12,2.12,2.12,2.15,2.13,2.11,2.14,2.14,2.1,2.05,1.96,1.88,1.85,2.02,1.64,1.28,0.96,0.69,0.68,0.67,0.66,0.64,0.62,0.6,0.79
210,Sierra Leone,SLE,3.31,3.35,3.42,3.44,3.44,3.44,3.43,3.43,3.46,3.44,3.43,3.45,3.45,3.42,3.5,3.54,3.58,3.67,3.99,4.16,4.29,4.44,4.59,4.68,4.64,4.59,4.5,4.42,4.36,4.6
211,El Salvador,SLV,7.53,7.88,9.94,7.68,7.65,7.68,7.98,7.1,6.68,6.96,6.96,5.73,6.26,6.05,7.22,6.57,6.41,5.88,7.33,4.89,4.3,3.84,3.69,4.15,4.0,4.42,4.39,4.01,3.96,6.98
212,San Marino,SMR,,,,,,,,,,,,,,,,,,,,,,,,,,,,,,
213,Somalia,SOM,13.24,13.33,13.49,13.54,13.53,13.53,13.52,13.52,13.58,13.54,13.51,13.57,13.57,13.49,13.39,13.19,13.02,12.94,13.32,13.39,13.38,13.39,13.41,13.32,13.25,13.17,13.02,12.89,12.79,13.1
214,Serbia,SRB,13.15,13.23,13.36,13.41,13.4,13.2,13.8,13.7,13.7,12.6,12.8,13.8,15.2,18.5,20.85,20.85,18.06,13.71,16.14,19.22,22.97,24.0,22.15,19.22,17.66,15.26,13.48,12.73,10.4,9.08
215,Sub-Saharan Africa (excluding high income),SSA,6.330155222080281,6.397543296478291,6.49572393024364,6.50324731764121,6.50261466367633,6.52904433129354,6.53483248452495,6.52546084719661,6.62652894794799,6.589539101529059,6.5751622636439295,6.72589075704176,6.62964647142257,6.326174601995589,6.1975712273636,6.0044415768034805,5.76095446267593,5.42935738087751,5.6192137152523305,5.979664583841621,5.885741122154171,5.83535327735507,5.71078326714201,5.77552742829586,5.78072817332681,6.16899407716187,6.31042932304901,6.2338611001282,6.276827996487019,6.62907378161816
216,South Sudan,SSD,12.43,12.52,12.68,12.72,12.72,12.72,12.71,12.71,12.76,12.72,12.7,12.75,12.75,12.68,12.58,12.39,12.22,12.15,12.52,12.58,12.57,12.59,12.6,12.51,12.45,12.37,12.23,12.1,12.01,12.66
217,Sub-Saharan Africa,SSF,6.330155222080281,6.397543296478291,6.49572393024364,6.50324731764121,6.50261466367633,6.52904433129354,6.53483248452494,6.52546084719661,6.62652894794799,6.589539101529059,6.5751622636439295,6.72589075704176,6.62964647142257,6.326174601995589,6.1975712273636,6.0044415768034805,5.76095446267593,5.42935738087751,5.6192137152523305,5.979664583841621,5.885741122154171,5.83535327735507,5.71078326714201,5.77552742829586,5.78072817332681,6.16899407716187,6.31042932304901,6.23386110012821,6.276827996487019,6.62907378161816
218,Small states,SST,11.4727276099033,11.9063118868395,12.420463899201698,12.537981847727401,12.757126114672001,12.8464829310346,12.9997273991155,12.6842562142324,12.5819962720823,12.272054625038303,12.1879080546803,12.0028117997815,11.932613994616101,11.559332053597199,11.171919914347,10.415717008986501,9.860007610867699,9.614982356389671,10.365827220064501,10.553706190924,10.1997666977408,10.121732660120902,10.3379809169084,9.9932756123809,9.890063682803811,9.88641369082634,9.421093859549561,8.92529420370726,8.64475496502825,9.982900779505288
219,Sao Tome and Principe,STP,14.12,14.21,14.35,14.4,14.39,14.4,14.38,14.38,14.44,14.4,15.73,17.63,16.36,16.12,16.47,16.65,15.89,15.26,15.12,14.64,14.1,13.59,13.6,13.52,13.46,13.39,13.26,13.14,13.05,13.86
220,Suriname,SUR,17.14,17.28,15.64,12.7,8.39,10.88,10.56,10.63,13.6,12.69,11.83,11.08,10.3,9.49,9.28,9.0,8.74,8.56,8.72,7.15,7.54,8.1,6.6,6.94,7.22,7.17,7.08,7.0,6.94,8.65
221,Slovak Republic,SVK,12.27,12.25,12.2,13.65,13.11,11.34,11.89,12.19,15.95,19.06,19.38,18.72,17.12,18.6,16.26,13.37,11.14,9.51,12.03,14.38,13.62,13.96,14.22,13.18,11.48,9.67,8.13,6.54,5.75,6.79
222,Slovenia,SVN,7.08,7.8,8.51,8.24,7.15,6.91,6.65,7.39,7.32,6.92,5.68,5.92,6.48,6.01,6.51,5.95,4.82,4.37,5.86,7.24,8.17,8.84,10.1,9.67,8.96,8.0,6.56,5.11,4.45,5.17
223,Sweden,SWE,3.24,5.72,9.33,9.58,8.9,9.55,10.36,8.94,7.61,5.47,4.73,4.97,5.56,6.69,7.49,7.07,6.16,6.24,8.35,8.61,7.8,7.98,8.05,7.95,7.43,6.99,6.72,6.37,6.83,8.45
224,Eswatini,SWZ,21.32,21.42,21.6,21.66,21.65,22.08,22.5,23.12,23.82,24.4,25.0,25.74,26.39,26.96,27.47,27.85,28.24,27.45,27.39,26.82,26.15,25.52,24.9,24.14,23.44,22.72,22.54,22.37,22.24,23.4
225,Sint Maarten (Dutch part),SXM,,,,,,,,,,,,,,,,,,,,,,,,,,,,,,
226,Seychelles,SYC,,,,,,,,,,,,,,,,,,,,,,,,,,,,,,
227,Syrian Arab Republic,SYR,6.75,7.05,7.4,7.5,7.2,7.29,7.38,7.47,7.6,9.51,11.63,10.98,10.28,9.59,8.9,8.17,8.42,10.94,8.14,8.61,8.6,8.61,8.62,8.55,8.5,8.44,8.33,8.23,8.16,9.03
228,Turks and Caicos Islands,TCA,,,,,,,,,,,,,,,,,,,,,,,,,,,,,,
229,Chad,TCD,0.67,0.68,0.7,0.75,0.8,0.84,0.89,0.94,1.0,1.05,1.09,1.16,1.22,1.26,1.29,1.28,1.29,1.32,1.5,1.59,1.66,1.73,1.8,1.83,1.87,1.89,1.89,1.89,1.91,2.26
230,East Asia & Pacific (IDA & IBRD countries),TEA,2.40753702747865,2.37698380441546,2.6245162560349398,2.91894965482821,3.00517009074076,3.09782704797832,3.18547593473625,3.36815798552311,3.49275691195045,3.43953256491067,3.84239797345555,4.12955511293086,4.42577442778855,4.40899966515127,4.46762732221113,4.3538558409469,4.3173010341372,4.4447957917915,4.39669499017665,4.1440858296225604,4.0798360288126805,4.069693076082,4.05622739587548,4.03488080265533,4.09442875227251,4.005121636913991,3.8900830499459906,3.8110765750148796,3.95744770778883,4.41264564554665
231,Europe & Central Asia (IDA & IBRD countries),TEC,6.09107929641675,6.30769070021272,7.03078156154192,8.48452596987581,9.5311277469107,10.123268416109301,10.739601569951198,11.601525631716301,11.999053692297098,11.238789139625402,10.816511524247199,10.6522513412428,10.3714481343859,10.0861634666173,9.412807202557461,8.61637583081079,7.516512004809309,7.278561834226671,8.947120734164061,8.56921952401927,8.03092254185098,7.54874229036643,7.59951234721822,7.65356215242342,7.61514811593558,7.43807434628999,7.07983691725376,6.66834216466757,6.79610619022392,7.570946370257371
232,Togo,TGO,4.26,4.32,4.43,4.46,4.46,4.46,4.45,4.45,4.49,4.46,4.44,4.48,4.48,4.43,4.36,4.23,3.6,3.08,2.8,2.39,1.98,2.05,2.12,2.16,2.2,2.95,3.74,3.66,3.6,4.05
233,Thailand,THA,2.63,1.35,1.49,1.35,1.1,1.07,0.87,3.4,2.97,2.39,2.6,1.82,1.54,1.51,1.35,1.22,1.18,1.18,0.93,0.62,0.66,0.58,0.21,0.58,0.6,0.69,0.83,0.77,0.72,1.02
234,Tajikistan,TJK,1.9,2.1,6.2,8.8,10.3,13.4,13.9,16.5,15.4,14.96,14.55,14.25,13.87,13.42,12.94,12.38,11.84,11.43,11.5,10.85,10.16,9.5,8.86,8.17,7.53,6.9,6.81,6.72,6.66,7.5
235,Turkmenistan,TKM,1.4,1.5,1.5,4.7,8.3,10.3,11.0,12.2,12.7,11.67,10.7,9.87,9.0,8.12,7.26,6.4,5.61,4.94,4.54,4.0,4.0,4.0,4.01,3.97,3.94,3.9,3.84,3.79,3.74,4.38
236,Latin America & the Caribbean (IDA & IBRD countries),TLA,6.04288014719274,5.96799472754463,6.00155311031186,6.54620163721784,7.72822484396622,8.03623681857385,7.91832081728708,8.340807517635719,9.242425248793891,9.23512776517061,8.82435859972692,9.1832105248604,9.03397652646798,8.49955491982513,8.01678036645637,7.33796546779388,6.939063047646,6.557464075139429,7.554170025604759,6.978301252615809,6.4842962878716905,6.40078603983519,6.35235565982507,6.1886804840480005,6.73938276731909,7.8867475106769005,8.18073113701223,8.05483587196171,8.08681666529731,10.3796107321462
237,Timor-Leste,TLS,3.24,3.28,3.34,3.36,3.36,3.36,3.36,3.36,3.38,3.36,3.35,3.38,3.38,3.35,3.3,3.22,3.14,3.11,3.27,3.3,3.53,3.77,4.03,4.23,4.45,4.66,4.57,4.48,4.42,5.06
238,Middle East & North Africa (IDA & IBRD countries),TMN,11.8910410577226,12.158324517286198,12.891846439848699,12.950849197328598,13.324207129182598,12.3665544977059,12.0075318858545,12.234496169788198,12.527526454814698,13.129400394505101,13.0628228584877,13.1546831664479,12.8137586560339,11.475451955346902,11.8352185284065,10.8709881504178,10.4179593438314,10.1499169541999,10.364750528024802,10.6357891452943,11.380094441461301,11.6957424663972,11.291495248691302,11.4710042472523,11.6665486398541,11.752621183462802,11.869505435304001,11.339555388162001,11.060775374394,11.7328728044933
239,Tonga,TON,1.25,1.27,1.3,1.58,1.88,2.2,2.54,2.91,3.34,3.74,4.17,4.68,5.18,3.48,2.12,1.09,1.19,1.31,1.56,1.75,1.92,2.11,2.31,2.46,2.64,2.8,2.93,3.07,3.01,4.37
240,South Asia (IDA & IBRD),TSA,4.9908128756851795,5.031792790363269,5.12699031646557,5.14134511320968,5.1338570983784,5.114207383272981,5.100041661478451,5.09185408856153,5.13018056371644,5.09447690112636,5.10944044774334,5.18811830672975,5.20851158166555,5.16383370025878,5.09355746521614,4.90318003527224,4.81112336077498,4.78758401176905,5.063924706976009,4.93176679093404,4.963764867714151,5.08532932510903,5.2612571621207405,5.092405821669,5.24545920913143,5.2207808830174,5.15503634417406,5.1021097567817195,5.0364825915779905,6.62507641718098
241,Sub-Saharan Africa (IDA & IBRD countries),TSS,6.330155222080281,6.397543296478291,6.49572393024364,6.50324731764121,6.50261466367633,6.52904433129354,6.53483248452494,6.52546084719661,6.62652894794799,6.589539101529059,6.5751622636439295,6.72589075704176,6.62964647142257,6.326174601995589,6.1975712273636,6.0044415768034805,5.76095446267593,5.42935738087751,5.6192137152523305,5.979664583841621,5.885741122154171,5.83535327735507,5.71078326714201,5.77552742829586,5.78072817332681,6.16899407716187,6.31042932304901,6.23386110012821,6.276827996487019,6.62907378161816
242,Trinidad and Tobago,TTO,3.36,3.32,3.27,3.3,3.34,3.4,3.46,3.51,3.54,3.61,3.66,3.69,3.72,3.8,3.89,4.03,4.17,4.22,4.03,4.03,3.43,3.72,2.68,2.48,2.43,3.21,3.3,3.4,3.46,6.74
243,Tunisia,TUN,15.64,15.74,15.91,15.96,15.95,15.96,15.94,15.54,15.21,14.94,14.4,14.55,14.51,14.23,12.87,12.51,12.37,12.44,13.29,13.05,18.33,17.63,15.93,15.06,15.16,15.51,15.38,15.46,15.13,16.69
244,Turkey,TUR,8.21,8.51,8.96,8.58,7.64,6.63,6.84,6.89,7.69,6.5,8.38,10.36,10.54,10.84,10.64,8.72,8.87,9.71,12.55,10.66,8.8,8.15,8.73,9.88,10.24,10.84,10.82,10.89,13.67,13.92
245,Tuvalu,TUV,,,,,,,,,,,,,,,,,,,,,,,,,,,,,,
246,Tanzania,TZA,3.6,3.58,3.59,3.53,3.45,3.38,3.29,3.22,3.17,3.08,2.99,3.11,3.21,3.27,3.31,3.3,2.92,2.61,2.5,2.98,3.47,3.19,2.93,2.13,2.1,2.08,2.03,1.99,1.96,2.16
247,Uganda,UGA,0.94,0.92,1.13,1.33,1.55,1.77,2.01,2.27,2.58,2.85,3.14,3.5,3.6,2.69,1.9,2.21,2.53,2.92,3.6,3.61,3.58,3.55,1.91,1.88,1.86,1.83,1.79,1.75,1.72,2.44
248,Ukraine,UKR,1.9,1.9,2.0,2.0,5.62,7.65,8.93,11.32,11.86,11.71,11.06,10.14,9.06,8.59,7.18,6.81,6.35,6.36,8.84,8.1,7.85,7.53,7.17,9.27,9.14,9.35,9.51,8.8,8.19,9.48
249,Upper middle income,UMC,3.9031694634616,3.9208294814239,4.23747509769053,4.68357235686568,5.0648531518121995,5.17841861337887,5.325634006555361,5.572748642664481,5.79454835851974,5.58194721044689,5.7745838411902,6.06470301341617,6.26088884575354,6.048659506543161,5.94334620918659,5.70018462906731,5.44807593927898,5.506509756674331,5.99082921354573,5.692439342841429,5.524930296636,5.511313763644691,5.511585720617441,5.4954739199221505,5.66741189807888,5.904893344631571,5.9175594327118,5.79648098244751,6.073644671179401,6.85018098220749
250,Uruguay,URY,9.01,8.98,8.94,9.0,9.08,9.17,9.27,9.36,10.47,12.63,15.05,16.65,16.66,12.98,12.01,10.84,9.4,8.03,7.74,7.16,6.31,6.45,6.44,6.55,7.49,7.84,7.89,8.34,9.35,12.67
251,United States,USA,6.8,7.5,6.9,6.12,5.65,5.45,5.0,4.51,4.22,3.99,4.73,5.78,5.99,5.53,5.08,4.62,4.62,5.78,9.25,9.63,8.95,8.07,7.38,6.17,5.28,4.87,4.36,3.9,3.67,8.31
252,Uzbekistan,UZB,1.9,2.9,4.9,7.3,7.8,10.7,10.9,13.3,13.3,12.06,10.89,9.87,8.85,7.82,6.83,5.86,4.99,4.89,5.0,5.4,5.0,4.9,4.9,5.1,5.2,5.2,5.8,5.71,5.65,5.97
253,St. Vincent and the Grenadines,VCT,19.77,19.98,20.27,20.42,20.52,20.62,20.71,20.81,20.98,21.03,21.1,20.93,20.69,20.37,20.01,19.55,19.11,18.79,19.25,19.32,19.31,19.33,19.35,19.23,19.16,19.06,18.89,18.73,18.62,20.27
254,"Venezuela, RB",VEN,9.45,7.69,6.6,8.56,10.24,11.77,11.16,11.15,14.53,13.99,13.04,16.17,16.78,15.07,10.66,8.61,7.28,6.25,6.1,7.11,6.9,6.6,7.54,7.48,7.44,7.39,7.3,7.22,7.16,9.14
255,British Virgin Islands,VGB,,,,,,,,,,,,,,,,,,,,,,,,,,,,,,
256,Virgin Islands (U.S.),VIR,6.49,6.45,6.39,6.42,6.47,6.53,6.6,6.66,6.69,6.76,6.83,6.85,6.89,6.97,7.07,7.22,7.38,7.43,7.21,7.2,7.27,7.3,7.34,7.45,7.57,7.69,7.84,7.99,8.09,11.84
257,Vietnam,VNM,1.83,1.86,1.91,1.93,1.93,1.93,2.87,2.29,2.33,2.26,2.76,2.12,2.25,2.14,2.13,2.08,2.03,1.8,1.74,1.11,1.0,1.03,1.32,1.26,1.85,1.85,1.87,1.16,2.04,2.27
258,Vanuatu,VUT,4.5,4.57,4.68,4.72,4.71,4.71,4.7,4.7,4.74,4.72,4.69,4.74,4.74,4.68,4.61,4.47,4.36,4.31,4.57,1.85,1.85,1.85,1.85,1.83,1.81,1.79,1.75,1.72,1.69,1.95
259,World,WLD,4.80182052434358,4.9339698963519405,5.2273736489451395,5.487653763046071,5.625085984069839,5.690529759034559,5.704659005611941,5.85412869412142,5.978623471674401,5.804660271259309,5.86966052159549,6.11088007590016,6.2007085758916105,6.026956082709191,5.907434566538679,5.60194901065107,5.3619820870376,5.3765964746172,6.0101238822146605,5.92048293216591,5.7838876156130805,5.77961166655759,5.7671923134766505,5.6274702393924905,5.63148347841059,5.663557596113501,5.55103056249041,5.371758651241519,5.37256933431952,6.471280856050661
260,Samoa,WSM,2.1,2.35,2.63,2.89,3.15,3.43,3.71,4.01,4.34,4.64,4.96,5.07,5.15,5.19,5.2,5.17,5.15,5.18,5.48,5.6,5.68,8.75,8.79,8.72,8.66,8.58,8.44,8.32,8.22,8.87
261,Kosovo,XKX,,,,,,,,,,,,,,,,,,,,,,,,,,,,,,
262,"Yemen, Rep.",YEM,8.15,8.21,8.31,8.34,8.91,9.51,10.12,10.75,11.46,11.57,11.69,11.89,12.04,12.12,12.17,12.13,12.1,12.17,12.71,12.93,13.08,13.24,13.41,13.47,13.4,13.31,13.15,13.01,12.9,13.42
263,South Africa,ZAF,29.44,29.58,29.8,29.88,29.87,29.87,29.85,29.85,29.94,29.88,30.69,33.29,32.31,29.45,29.12,28.34,26.54,22.41,23.52,24.68,24.64,24.73,24.56,24.89,25.15,26.54,27.04,26.91,28.47,28.74
264,Zambia,ZMB,18.9,19.26,19.7,18.22,16.72,15.3,13.59,12.0,12.5,12.93,13.5,14.18,14.8,15.37,15.9,12.87,10.2,7.93,10.5,13.19,10.34,7.85,8.61,9.34,10.1,10.88,11.63,12.01,11.91,12.17
265,Zimbabwe,ZWE,4.8,4.85,4.93,4.96,5.58,6.24,6.93,6.44,6.0,5.64,5.3,5.03,4.72,4.39,4.48,4.52,4.57,4.67,5.03,5.22,5.37,5.38,5.38,5.33,5.29,5.24,5.15,5.07,5.02,5.73
