,country,country_code,2000,2001,2002,2003,2004,2005,2006,2007,2008,2009,2010,2011,2012,2013,2014,2015,2016,2017,2018
0,Aruba,ABW,,,,,,,,,,,,,,,,,,,
1,Africa Eastern and Southern,AFE,41.59157104936,37.686534644998105,34.634200318174,47.7051089425971,59.0839686690727,65.3161523770455,71.17383246419699,79.2727676037795,81.80707890090241,84.87945201825059,99.0729841973362,108.16272810466101,105.736407416346,103.470833422556,100.751840307994,96.01765539310041,91.23398291196709,100.045491564991,94.2428382114765
2,Afghanistan,AFG,,,15.80316353,17.03574371,20.4127636,23.89050102,27.83657074,31.27183914,38.10266113,41.72274399,44.99053192,50.85347366,51.44026184,55.03462982,59.00893402,58.90652847,60.18867111,65.70602417,49.84260941
3,Africa Western and Central,AFW,19.3032353955547,19.685657776815898,20.4964686091176,32.5703084466518,37.5460545130992,43.570099325561294,50.5821766724642,55.3734391810625,63.9153469177938,57.860684619000104,61.86702356023579,68.65681949334859,71.266754554394,78.777125963939,81.6553748378616,73.2827066384678,63.445836901033,61.306286786352,67.3838178790827
4,Angola,AGO,12.99896717,28.91812134,29.04936409,34.87518692,49.81074142,54.26077652,69.81230164,92.86030579,135.60581969999998,119.99628448,96.69701385,122.10723114,122.18558502,143.60687256,131.6476593,108.58293915,95.12497711,114.33460236,87.61676788
5,Albania,ALB,80.61695099,89.58073425,96.27111816,125.98797607,156.56817627,165.26533508,174.53024292,222.30366516,220.46424866,186.44281006,192.0032196,211.07551575,213.71974182,236.95796204,251.35826111,192.88513184,202.01332092,226.28067017,274.91409302
6,Andorra,AND,1292.03942871,1319.90600586,1508.52075195,1812.3157959000002,2033.00354004,2301.59350586,2158.87573242,2392.8203125,2774.4934082,2687.85595703,2642.16552734,2567.52539063,2342.56835938,2432.78271484,2529.08984375,2246.25439453,2361.2175293,2567.42382813,2821.80126953
7,Arab World,ARB,113.811523824093,117.088829167502,116.42163701637699,113.314800182824,124.084057011733,137.945901181437,158.91864971632,186.14069533438098,217.181010213347,240.726460881739,245.61117182529998,283.216214514609,306.167779665252,340.068458652024,367.34754637723603,350.12538540129503,348.064827167095,391.38233333679494,392.56747749457605
8,United Arab Emirates,ARE,787.02111816,777.13061523,857.91192627,886.5012207000001,894.54040527,913.3560791000001,974.52062988,1072.70532227,1303.14074707,1296.97766113,1314.63000488,1438.47216797,1403.52490234,1523.88378906,1588.28234863,1385.53771973,1298.12792969,1650.01855469,1817.34765625
9,Argentina,ARG,708.76953125,675.05786133,223.84860229,262.28659058,311.64505005,392.58874512,455.7980956999999,572.0401001,746.49328613,785.67022705,985.03442383,1208.39160156,1368.42297363,1421.65759277,1286.21765137,1531.48425293,1153.53405762,1529.61621094,1127.90722656
10,Armenia,ARM,26.12908936,32.25933838,59.63238907,66.77802277,72.17178345,96.35484314,126.25294495,172.60186768,266.31158447,252.83560181,297.22906494,330.57556152,336.32055664,396.23254395,405.72888184,364.97280884,357.45776367,405.6506958,422.28268433
11,American Samoa,ASM,,,,,,,,,,,,,,,,,,,
12,Antigua and Barbuda,ATG,512.56829834,563.73712158,550.0645752,602.69360352,585.72125244,626.7166748,648.22711182,694.53643799,673.83752441,591.42523193,701.81781006,693.80725098,727.25695801,711.22979736,792.8414917,754.24188232,778.45111084,795.55981445,875.17254639
13,Australia,AUS,1638.81494141,1564.16650391,1770.46618652,2249.29077148,2767.13696289,3013.08764648,3184.80761719,3799.73754883,4090.76196289,3995.34008789,4945.03808594,5861.70263672,6025.34472656,5813.98535156,5607.91796875,4860.37207031,4971.61474609,5308.78320313,5425.34033203
14,Austria,AUT,2269.12646484,2282.51586914,2497.8659668,3091.24023438,3594.65039063,3710.39794922,3882.98193359,4478.76855469,5057.76074219,4928.98779297,4800.79345703,5167.81787109,4966.09570313,5235.34130859,5393.60205078,4612.82421875,4709.87597656,4937.97705078,5326.43701172
15,Azerbaijan,AZE,19.14171791,19.18987465,20.59066963,23.80161095,27.38257599,35.07611465,50.24787903,75.39520264,107.36143494,129.7258606,145.84526062,176.40847778,222.98551941,239.95080566,267.30972290000005,226.51002502,156.99572754,155.0982666,165.7674408
16,Burundi,BDI,8.42834568,8.60474777,7.96743488,7.16897392,9.8821106,12.77716923,16.64111137,18.25146484,18.31873894,21.8832016,26.41332245,25.13240814,21.51785278,21.93877029,20.53392982,19.4568367,22.41840553,23.58145905,24.02547073
17,Belgium,BEL,1849.91601563,1879.93481445,2084.7199707000004,2828.17163086,3326.45019531,3420.07885742,3558.54248047,4078.58325195,4671.56542969,4653.91503906,4544.99609375,4943.83203125,4706.61816406,4947.86474609,4999.18847656,4290.0,4328.84619141,4618.20898438,4912.70068359
18,Benin,BEN,15.88687897,16.81288338,17.47441101,21.57793999,24.54393578,24.12298584,25.40521812,27.92425346,30.30306816,30.71387672,31.04154778,34.96141434,39.10080719,35.76725006,34.44753647,31.30697823,30.22834778,30.05702591,30.9390583
19,Burkina Faso,BFA,7.52564335,7.70798016,8.71375179,11.74841595,17.61220932,18.08620071,21.35472488,27.96674919,29.78364944,31.59088516,33.91081619,34.873935700000004,34.89026642,43.79697418,39.59173203,33.51475906,40.95483017,44.40372086,40.24945068
20,Bangladesh,BGD,8.56026173,8.36238003,9.34001255,10.27598572,11.08631516,11.60705376,12.33577824,14.31881523,15.80424309,17.92318726,20.80270004,22.84561729,23.45907974,26.67387962,29.74625206,32.84908676,34.58186722,37.43084717,41.90905762
21,Bulgaria,BGR,94.49745178,119.82997894,148.1479187,195.74369812,233.11332703,267.74139404,294.10891724,361.23498535,455.54058838,459.30020142,484.75228882,555.86419678,558.64794922,547.45483398,605.25891113,521.41906738,562.34082031,618.70593262,689.90539551
22,Bahrain,BHR,485.6864624,484.90734863,503.03005981,567.23797607,550.35980225,570.29425049,591.3112792999999,692.96832275,757.73614502,785.26031494,796.31842041,805.3147583,971.36846924,1066.13244629,1101.25683594,1128.75915527,1098.88354492,1126.06689453,994.17901611
23,"Bahamas, The",BHS,1030.96899414,1078.69445801,1100.53259277,1138.74060059,1148.94238281,1220.78820801,1323.53088379,1415.03674316,1489.42724609,1470.68774414,1495.23132324,1491.04162598,1568.28796387,1609.31799316,1670.24035645,1635.88293457,1774.02172852,2174.17675781,2013.37927246
24,Bosnia and Herzegovina,BIH,113.31326294,112.06851959,127.21139526,180.99417114,244.52740479,262.89282227,303.51223755,388.09899902,482.93652344,425.05114746,417.74832153,467.03192139,452.97650146,486.17611694,503.99246216,441.46075439,460.88534546,481.83258057,539.54663086
25,Belarus,BLR,57.66816711,74.33643341,87.08403778,109.87693024,142.74801636,198.30737305,223.83119202,281.07763672,351.72796631,290.70153809,343.67910767,319.75372314,365.87493896,456.4916687,450.22262573,362.75283813,298.62658691,333.54107666,356.25073242
26,Belize,BLZ,131.96932983,156.85630798,165.59913635,167.88917542,169.63439941,174.03317261,188.70393372,226.0124054,249.63131714,241.48535156,242.34942627,252.94587708,246.76046753,258.22540283,292.44442749,284.11450195,296.22402954,282.58279419,285.98583984
27,Bermuda,BMU,,,,,,,,,,,,,,,,,,,
28,Bolivia,BOL,43.84843826,45.78475189,44.27474976,47.16543961,47.04486847,52.48216629,56.81023026,64.47034454,79.01570129,90.77088165,101.72988129,121.37858582,137.1217804,162.12197876,181.71205139,198.87557983,210.23809814,217.49468994,223.59788513
29,Brazil,BRA,312.53927612,270.18981934,246.94700623,251.4379425,295.52862549,384.93200684,485.59933472,602.68591309,707.49121094,721.76800537,896.69714355,1031.57617188,957.00708008,981.15283203,1017.04711914,781.80999756,801.41131592,935.29919434,848.38885498
30,Barbados,BRB,600.80895996,619.33959961,665.92028809,781.96508789,915.30462646,935.64044189,1000.6171875,1015.60668945,1107.04602051,1135.60986328,1087.65649414,1135.5177002,1263.91870117,1233.11486816,1153.88415527,1119.54821777,1129.19335938,1151.69372559,1164.54455566
31,Brunei Darussalam,BRN,508.54840088,464.79043579,473.22723389,535.27740479,619.2869873,646.16021729,654.69018555,702.66918945,788.61535645,741.29534912,803.52685547,877.15759277,883.67559814,849.33062744,798.79370117,743.92004395,692.03570557,648.66882324,763.15289307
32,Bhutan,BTN,30.89350891,35.94556046,36.13760376,37.73608017,46.90710449,47.74116898,55.31650925,66.06005859,58.85731506,61.12592697,74.09108734,79.55759429999999,85.97568512,88.24406433,88.89917755,98.56243896,98.90504456,104.85510254,102.73851776
33,Botswana,BWA,205.23696899,201.81082153,204.88697815,267.4956665,293.97189331,277.06048584,263.60546875,311.03723145,330.35922241,342.93563843,398.57070923,440.04370117,483.8059081999999,449.70568848,435.55368042,389.3807373,402.80163574,484.22390747,482.96307373
34,Central African Republic,CAF,10.28705597,9.54669666,10.80481339,12.96637344,13.89353085,14.7944603,16.09814835,19.37653732,19.16386795,22.45341301,17.81714249,20.03986931,20.52720833,17.99575615,20.81191635,18.99312592,21.8805294,29.980169300000004,53.66416168
35,Canada,CAN,2007.88085938,2063.92749023,2159.31591797,2562.91455078,2925.06713867,3296.50146484,3778.27148438,4199.28808594,4459.87646484,4357.23388672,5048.30908203,5355.67626953,5459.95947266,5409.78808594,5189.82666016,4615.64208984,4610.92626953,4845.58984375,4994.90234375
36,Central Europe and the Baltics,CEB,221.140526961712,252.175946610551,298.232475807809,372.941280917241,446.736799260728,522.503619439011,580.0235530883709,729.292100782913,927.154194364806,842.035038601641,855.053471106668,906.674413330631,850.648139047474,914.354088641809,930.56237416085,812.044377097288,844.8104369950639,932.9793867697639,1054.64934763265
37,Switzerland,CHE,3559.81982422,3763.38452148,4211.72949219,5018.52734375,5608.703125,5673.94042969,5671.98144531,6154.703125,7120.65185547,7297.37988281,7705.17578125,9191.95898438,8917.11914063,9275.79882813,9578.64550781,9382.79101563,9439.42480469,9606.34960938,9870.6640625
38,Channel Islands,CHI,,,,,,,,,,,,,,,,,,,
39,Chile,CHL,356.96377563,327.13198853,323.06716919,349.98782349,427.51669312,500.64517212,571.20141602,648.55981445,724.70123291,735.97894287,867.73077393,991.20288086,1077.82019043,1179.47265625,1145.40856934,1127.02160645,1171.62304688,1360.17358398,1455.60791016
40,China,CHN,42.11240387,43.66367722,49.14166641,55.651084899999994,63.26198578,71.86441803,81.22816467,97.07929993,131.88728333,162.61755371,186.49150085,236.37492371,281.67715454,326.04159546,359.30932617,390.10409546,395.35995483,437.25674438,501.05938721
41,Cote d'Ivoire,CIV,36.47083664,31.83412552,31.49195862,39.49386978,47.48029327,49.2191925,54.63421631,66.77438354,78.02518463,74.76235962,73.97220612,74.19325256,76.09120941,72.74050140000001,80.42262268,63.07769775,67.21105194,69.34188843,71.88140869
42,Cameroon,CMR,27.93606567,26.67946053,30.40726662,36.96333313,40.55318832,41.44176483,42.79501724,47.281353,52.45386124,49.16592789,48.31293106,56.36682129,55.175613399999996,55.45908356,60.85925674,49.74619293,50.8497467,49.64924622,54.13952637
43,"Congo, Dem. Rep.",COD,18.6212616,5.82149839,4.47839451,6.47020149,8.38838673,9.07471561,10.97469044,12.13539028,16.02249908,13.28515053,12.52543068,12.46153259,14.01603508,16.326828,19.37128258,19.87244987,20.58203506,19.41761589,18.51088905
44,"Congo, Rep.",COG,17.44025993,20.63038635,17.11676979,21.71119118,27.88204765,31.51848221,36.79486084,43.03957748,64.76908875,50.04588318,56.91404343,62.34162521,74.91969299,75.47943115,74.514328,60.12829971,54.10359192,51.26589584,47.5177536
45,Colombia,COL,132.87971497,136.61053467,130.42552185,128.00614929,157.57557678,207.15899658,237.01751709,305.99179077,374.42697144,379.69586182,448.08776855,497.38070679,543.07000732,576.70123291,583.05889893,464.63497925,442.13824463,489.64459229,513.15869141
46,Comoros,COM,45.77197266,43.472435,48.72956085,57.74796677,62.88409805,62.45273589999999,62.53800583,67.81578064,72.68344879,68.19288635,67.074646,78.71292114,65.57981873,69.27052307,68.98582458,60.21103287,60.74297714,61.72988892,65.22776031
47,Cabo Verde,CPV,63.03440475,67.14394379,72.8820343,89.07603455,98.08786774,100.67198181,118.32913971,133.41764832,133.2350769,135.40571594,151.16014099,161.03373718,176.98373413,191.2829895,191.17623901,146.60760498,151.69641113,176.48937988,194.85687256
48,Costa Rica,CRI,248.75341797,256.39358521,277.69869995,289.06826782,292.03182983,311.70877075,362.50491333,427.04202271,515.43334961,534.57446289,660.58642578,749.6449585,784.48297119,825.39324951,831.3001709,883.91546631,878.88891602,861.32006836,909.6730957000001
49,Caribbean small states,CSS,254.314510436468,249.084780302914,267.461266815273,273.626078550531,312.718086676809,345.806403875713,370.469981684059,429.25089094122495,472.93900591381896,460.244355353104,485.840335355027,506.386851117322,517.859491733118,535.4991023202,545.769249288508,569.964247583217,567.911363168458,610.201965121201,621.243425067993
50,Cuba,CUB,180.81121826,198.13365173,213.39079285,227.09095764,231.98782349,331.53213501,387.42019653,571.26550293,612.24359131,679.62634277,612.46508789,699.83428955,604.21234131,713.24133301,866.07562256,986.73400879,984.84844971,1000.28955078,986.93731689
51,Curacao,CUW,,,,,,,,,,,,,,,,,,,
52,Cayman Islands,CYM,,,,,,,,,,,,,,,,,,,
53,Cyprus,CYP,750.51672363,782.16162109,890.48297119,1145.05847168,1286.97155762,1366.01708984,1474.02062988,1694.27185059,2155.24658203,2105.4777832000004,2045.2923584000002,2114.66894531,1899.37255859,1916.32263184,1873.89135742,1616.54943848,1681.90368652,1780.34790039,1954.40686035
54,Czech Republic,CZE,342.92105103,388.54403687,497.74203491,640.66040039,746.32891846,852.65246582,942.11804199,1110.17663574,1449.33679199,1442.24279785,1373.9317627,1516.55541992,1387.40600586,1554.5090332,1512.92614746,1284.04675293,1321.62023926,1475.91516113,1765.58837891
55,Germany,DEU,2344.35473633,2346.61499023,2567.49145508,3152.78051758,3459.80957031,3558.19824219,3697.92163086,4182.79931641,4669.63525391,4674.78320313,4611.81054688,5036.48486328,4762.84765625,5096.82080078,5304.31884766,4622.20654297,4742.03417969,5052.67333984,5472.20214844
56,Djibouti,DJI,31.95798492,31.04225731,40.19449615,46.11334229,40.28805161,40.95962524,47.32995605,50.44793701,53.96245575,55.32074356,56.2014122,68.77837372,72.22033691,67.53491211,73.12316895,82.28987885,76.86833954,72.23476409999999,70.86093903
57,Dominica,DMA,254.78555298,226.96006775,222.09385681,237.35446167,247.45881653,256.73413086,263.91165161,285.24041748,326.64169312,344.11965942,359.22134399,376.95007324,396.81378174,375.10510254,385.15658569,393.93655396,415.88751221,398.70941162,490.81829834
58,Denmark,DNK,2496.04711914,2602.64282227,2895.80737305,3607.04296875,4194.87353516,4442.75537109,4778.89160156,5468.37939453,6137.77636719,6221.68896484,6011.53808594,6281.00439453,6003.83056641,6236.55419922,6380.78466797,5469.33496094,5565.59326172,5800.15283203,6216.76855469
59,Dominican Republic,DOM,140.13885498,145.35366821,155.09561157,106.13856506,106.65016174,171.23001099,164.10038757,198.07254028,240.41107178,256.35791016,309.95718384,335.00128174,359.60818481,359.57055664,380.07550049,400.38494873,424.30017089999996,443.67068481,461.54251099
60,Algeria,DZA,61.58218002,66.80211639,66.46335602,75.74335479999999,92.50652313,100.71382904,116.71431732,150.96563721,206.88519287,208.11991882,229.28945923,287.38610839999996,335.56195068,331.94168091,359.64212036,291.55355835,260.77255249,258.03955078,255.86943054
61,East Asia & Pacific (excluding high income),EAP,37.9426591276633,39.0751192861431,43.5981925082971,49.79204733400889,56.00799732501579,64.31725063015371,73.8657959952035,88.4181240555978,115.600529664511,137.407101892252,159.74267268665,198.70945205240798,232.313399489499,263.896058471299,287.335855833999,306.31584753086497,311.520283342948,341.788346784701,387.197078622035
62,Early-demographic dividend,EAR,66.8989164879458,68.1854550750454,61.8563241035678,68.2179519719116,77.11627309206429,87.8359507862277,98.7706081645373,114.437296999683,126.467237652302,128.384032486822,147.848926971125,161.749164243123,169.384442865577,174.45908272421397,174.92310108123502,172.321861000605,165.77995501083402,180.90083943165,176.232625745518
63,East Asia & Pacific,EAS,239.129083479119,222.49219312868303,224.31332110716,251.74358858538798,278.29471783696096,292.109345568577,297.945676315677,322.053620097495,374.625393158021,419.709493764324,478.291449039438,586.635639417449,626.1916233133351,603.855883328406,613.072710234264,599.642288223638,632.850919327537,665.362367161894,721.880280017308
64,Europe & Central Asia (excluding high income),ECA,90.5944386065017,95.94725303289171,114.87909139953199,142.91181239491698,181.41790946202,228.981369278935,279.515739612302,356.080833265665,442.691202024243,382.223978438598,415.317042897065,466.149119304868,499.95819911560403,534.067452389104,498.500039790147,378.746742774122,366.303722351353,410.07954218032006,424.52546443084196
65,Europe & Central Asia,ECS,941.243361661737,972.5300379345109,1097.41437937776,1360.00642185065,1577.945656824,1670.44557091983,1790.84032820183,2062.49836400219,2305.43793551327,2207.48279578661,2192.77684124043,2376.3461254519602,2280.91187551673,2384.6537832919103,2432.86159853768,2103.16862601926,2097.93243011668,2194.43942128364,2346.91901191991
66,Ecuador,ECU,47.89228439,70.81141663,96.82357788,131.59963989,149.38842773,167.4712677,189.32078552,209.25061035,247.14042664,272.46380615,330.00054932,409.03677368,481.82189941,518.41375732,549.784729,525.99731445,502.74447632,513.07617188,516.24798584
67,"Egypt, Arab Rep.",EGY,73.65684509,73.07783508,68.25554657,53.82350159,53.93090057,63.86014175,71.35442352,78.95716858,97.20935059,106.66519165,113.24819946,125.25486755,150.71841431,150.61959839,167.24708557,183.43261719,153.48695374,113.97537994,125.54537201
68,Euro area,EMU,1749.8385958076099,1791.3216276030603,1995.30170102263,2500.5268042963003,2859.1193753957896,2976.5124000318797,3145.95413041666,3568.9468351993105,4029.9498138005797,3963.63606027076,3849.36124639262,4113.715567743039,3836.0176381718297,4017.8905240509293,4105.87920432866,3521.9260008387896,3592.6573113052204,3779.2180221523204,4063.49811438149
69,Eritrea,ERI,13.75257683,14.51352882,15.21526051,18.999118799999998,22.12163734,20.64315796,22.02857018,17.96751404,19.32589912,22.39599228,24.63759232,33.50611496,26.19568443,29.78876877,31.86192322,26.75016403,22.77753258,21.17291069,23.78602791
70,Spain,ESP,1005.28399658,1045.05065918,1174.5793457,1641.05871582,1924.4453125,2060.33081055,2242.17822266,2606.17895508,2995.04980469,2937.53442383,2789.53393555,2909.11767578,2591.01611328,2629.60546875,2679.84814453,2349.23388672,2376.72119141,2522.64428711,2736.32324219
71,Estonia,EST,209.71313477,214.70414734,250.48020935,349.05804443,455.06811523,524.68011475,600.50787354,832.73309326,1038.56225586,963.01965332,926.4541626,1015.96826172,1013.31420898,1144.64685059,1238.92700195,1112.9140625,1186.1027832,1350.38061523,1552.96875
72,Ethiopia,ETH,5.38449526,5.61692476,5.25928497,5.84133863,5.88065052,6.65360308,8.66179371,11.98231506,13.45180225,15.63803864,16.705850599999998,15.11116791,20.66479111,19.88365173,22.27192688,23.91623878,25.07559586,24.92481232,24.22611809
73,European Union,EUU,1431.6981771974301,1474.15753260064,1650.3652426222598,2070.73337533457,2373.4725219567003,2485.46104425876,2635.65409976376,3008.33021778081,3417.60919987056,3341.3705081173403,3265.3612176030297,3520.99704498435,3294.7784708110903,3461.83191515971,3535.9981293753003,3036.9662190199297,3102.55053200257,3273.1747044010604,3525.0570419274395
74,Fragile and conflict affected situations,FCS,38.3521571048252,39.3509498674016,33.084170483327306,36.9109422104559,42.975717669815204,48.4840983880626,63.8940696453924,75.34716640494099,86.26102212325691,92.48166267791241,97.2881046860312,96.08784372439258,99.3939130927892,99.99576440708809,103.263306133425,97.66556142998529,86.44194099019458,89.66319471305029,76.58322696206909
75,Finland,FIN,1722.8326415999998,1806.0501709000002,2054.26293945,2606.77587891,3035.97875977,3228.95214844,3407.66552734,3911.96582031,4481.21679688,4347.12158203,4249.60205078,4715.93505859,4572.5234375,4892.09716797,4922.67578125,4127.14990234,4107.06298828,4233.46826172,4515.67724609
76,Fiji,FJI,77.02472687,64.19293213,73.05122375,91.40223694,117.68310547,129.10894775,135.9334259,150.65686035,143.76724243,128.81492615,135.18281555,148.83114624,162.41473389,167.81893921,188.83387756,179.22154236,185.34791565,194.43591309,214.55378723
77,France,FRA,2161.85302734,2192.71582031,2449.75830078,3006.3059082,3458.62744141,3575.02514648,3814.27636719,4318.73876953,4812.53662109,4741.41552734,4598.3203125,4939.31054688,4651.10839844,4901.93310547,4998.66845703,4208.38623047,4268.17431641,4424.5078125,4690.07226563
78,Faroe Islands,FRO,,,,,,,,,,,,,,,,,,,
79,"Micronesia, Fed. Sts.",FSM,168.45785522,190.07368469,178.55958557,219.36360168,270.71679688,417.72436523,257.90270996,272.11096191,304.58193969999996,341.31835938,378.24478149,393.68103027,384.1512146,363.26303101,348.32009888,361.47207642,395.79208374,401.20025635,415.81680298
80,Gabon,GAB,127.64353943,125.76939392,137.28015137,174.10043335,190.86567688,199.58547974,223.30055237,266.2097168,285.39224243,297.41537476,218.85838318,276.11819458,237.59547424,275.01934814,244.43147278,196.16505432,216.90785217,200.56188965,218.36860657
81,United Kingdom,GBR,2054.18041992,2128.29443359,2417.06103516,2833.67700195,3429.6472168000005,3599.93408203,3893.58862305,4505.46728516,4351.27685547,3892.01416016,3955.45141602,4208.41992188,4282.04882813,4350.25537109,4740.86865234,4472.52148438,4066.09350586,3978.6171875,4315.42773438
82,Georgia,GEO,51.85281754,55.22227478,64.06044006,77.73462677,100.87417603,126.44508362,145.05230713,186.61778259,268.14035034,257.06176758,271.0166626,296.68869019,326.47607422,334.68905639999997,345.25598145,275.84082031,301.54577637,285.98770142,312.74691772
83,Ghana,GHA,17.85551643,20.92321587,21.03129005,25.49957466,29.50203323,44.7131424,50.95217896,60.0993042,68.42399597,67.71266937,81.50324249,100.25246429,91.01084137,109.94523621,80.73294067,81.61917114,66.85653687,67.45523071,77.91143036
84,Gibraltar,GIB,,,,,,,,,,,,,,,,,,,
85,Guinea,GIN,23.25868988,22.10671425,25.11627769,25.97815895,26.85185814,19.99720573,16.37105751,22.65211487,23.32725334,24.11268997,23.04640198,24.67529106,24.29986,26.61382103,37.69287872,44.68756485,39.55763626,36.50824356,38.31764221
86,"Gambia, The",GMB,50.86863708,41.45034027,39.55756378,30.87388229,34.72867203,35.80473328,35.87295151,38.60668182,42.96466064,36.94911575,35.2233963,33.1423111,31.41952705,27.41661644,22.47270203,20.98540878,21.80244827,22.71026421,22.15542793
87,Guinea-Bissau,GNB,20.70239449,19.8405323,20.14164352,24.20259094,31.0591526,31.52978706,30.46108055,36.34542084,41.70643997,39.16440582,36.09091187,43.17166519,35.52560806,43.96840286,59.30418015,51.83914566,50.624481200000005,50.57252884,53.29457474
88,Equatorial Guinea,GNQ,40.92737579,58.34743881,73.50776672,106.5741272,143.72882080000002,163.77030945,195.2540741,249.96153259,419.65899658,307.42001343,314.1137085,335.78268433,274.35205078,382.35394287,424.73120117,328.8190918,290.68115234,293.13339233,314.29876709
89,Greece,GRC,885.41040039,1004.81542969,1168.82409668,1566.40979004,1782.69592285,1935.26757813,2052.87548828,2426.75952148,2840.50854492,2809.05957031,2564.36987305,2338.91577148,1948.24816895,1813.8782959000002,1705.11437988,1452.07446289,1488.1986084,1505.94140625,1566.89990234
90,Grenada,GRD,270.98391724,283.47583008,322.0144043,300.36419678,308.14840698,341.89974976,340.39715576,377.75787354,421.84429932,396.14376831,393.33410645,423.11541748,433.50952148,438.27972412,399.53253174,422.72177124,427.51272583,466.74960327,474.5328063999999
91,Greenland,GRL,,,,,,,,,,,,,,,,,,,
92,Guatemala,GTM,83.95554352,100.39343262,107.95598602,113.61289978,122.26273346,132.33413696,148.71377563,158.33392334,174.77886963,168.18478394,173.75178528,189.24290466,198.46655273,196.1355896,213.94274902,229.80619812,241.78253174,259.9125061,259.62017822
93,Guam,GUM,,,,,,,,,,,,,,,,,,,
94,Guyana,GUY,63.14900970000001,60.86844635,65.68416595,68.69402313,79.27994537,87.48361969,101.88665771,129.22839355,143.80787659,154.46517944,176.95066833,190.93255615,195.220047,206.01229858,214.19898987,223.67767334,233.52494812,263.25814819,295.55789185
95,High income,HIC,2463.3866188036104,2552.4815778182397,2759.5510691107897,3131.28804545373,3447.4948413692,3628.68405125913,3820.52509884128,4143.8709721612,4437.47219108243,4502.99447298907,4647.98178855125,4996.19335996747,5012.47510584895,5048.86489584745,5197.46600589292,5032.57523496087,5197.99498128867,5391.69711123649,5665.2234231969
96,"Hong Kong SAR, China",HKG,,,,,,,,,,,,,,,,,,,
97,Honduras,HND,68.51774597,67.19782257,70.8179245,79.79921722,83.47966766,98.11772919,112.44800568,127.98851013,149.64785767,161.00054932,166.16116333,183.60168457,185.62591553,178.24165344,174.59979248,172.29205322,180.16775513,171.51489258,176.24726868
98,Heavily indebted poor countries (HIPC),HPC,17.1273797107905,16.2612867010537,16.9686398119334,19.7560775573457,23.2001868294665,26.5455732429075,30.8964109266252,36.2106310365268,40.66734393350129,41.1099653330849,43.017827674256104,48.03115013404761,47.459905159140206,51.23715272823689,51.6387058674274,51.299567908522604,51.0251912559885,53.276029267012206,46.527443872485
99,Croatia,HRV,371.06213379,388.32489014,386.4440918,512.15209961,634.62030029,727.13104248,816.01702881,1041.03442383,1258.87243652,1187.54528809,1126.37365723,1132.49890137,1029.97119141,889.94451904,909.37164307,795.52081299,840.9050292999999,902.62524414,1014.22235107
100,Haiti,HTI,29.78231049,26.90669823,21.99154663,18.31630516,23.67709351,24.89042091,28.71922302,37.11300278,39.96041489,40.94065857,54.9171524,75.70629883,73.75851440000001,58.364696499999994,64.02371216,67.40187836,59.13440323,62.72842407,64.24588013
101,Hungary,HUN,313.10858154,359.69747925,473.12783813,682.86566162,798.45361328,895.20330811,893.20300293,1003.25817871,1117.20227051,943.68768311,983.11083984,1063.43225098,961.1383667000001,990.63116455,1006.15649414,870.51922607,914.19354248,981.03887939,1081.80285645
102,IBRD only,IBD,77.42033452274609,78.4955786396975,77.0795720098498,85.2767470208622,99.19522397224159,116.90857251193,136.03208943373198,164.349018455291,198.05493962947202,203.266650779663,234.779480216788,270.38248569088404,288.339506776389,308.047439602122,315.177996426615,299.439680396024,295.589025653676,328.784579164084,343.893551095097
103,IDA & IBRD total,IBT,64.867466615447,65.4903708595149,64.1947535681676,71.422834949045,82.7949520890937,97.29197289454599,113.063011958688,135.83181933575898,162.663447284873,166.153788998284,190.510230489724,218.29665981422002,231.90738781610298,247.98978972298198,253.412623683728,240.624800033898,237.376700954455,261.618778909335,272.097329155038
104,IDA total,IDA,16.467306146445697,15.980120974320002,16.7591173121006,20.8173686328836,23.6721641860536,27.498343102627,32.4160761550698,37.0346940964344,41.6677079233869,40.92516674703,44.494908590533,48.691981050261,50.668125286459706,54.8403010217571,57.4229915284521,56.5210361510981,54.3613128335017,54.8234985708258,54.1156904803739
105,IDA blend,IDB,19.3070517907845,18.420436765262,18.774451566400103,26.747678622228303,29.788688404153298,35.8252650078938,43.672043552694205,48.2108777587975,53.0093196528903,48.4039960579397,54.350199431415504,58.97404524524839,64.0891060594609,70.37412273943791,74.6579495667698,70.63804007758229,65.6751618594842,63.117022211673095,68.4178389342737
106,Indonesia,IDN,16.20165443,17.69404984,19.90477753,26.67323875,27.17466164,35.50515366,46.20238876,58.18482971,61.95336533,65.10107422,92.45002747,107.66735077,107.24232483,107.29182434,108.83856201,99.65550232,109.93779755,110.04980469,111.67790985
107,IDA only,IDX,15.017445373106401,14.7333907282408,15.7607076648665,17.8732395408526,20.6362364413872,23.3643105280836,26.8238410002412,31.475475668707197,36.0172845358501,37.1924845535607,39.4219312044701,43.386732402717506,43.731556616941994,46.628277498951206,48.310480853083895,49.057151740883796,48.2123707589654,50.36688803465779,46.43243364341479
108,Isle of Man,IMN,,,,,,,,,,,,,,,,,,,
109,India,IND,18.50239372,19.79767799,20.23548126,21.99779892,25.06458473,27.66702271,29.56233788,35.85623932,37.88212204,38.30339432,45.12977219,48.60390472,48.94621658,56.11839676,57.07431793,58.91690063,60.60255051,69.32007599,72.83453369
110,Not classified,INX,,,,,,,,,,,,,,,,,,,
111,Ireland,IRL,1564.83740234,1823.73474121,2200.35742188,2910.93212891,3483.16064453,3938.19116211,4147.13232422,4858.64501953,5638.77929688,5502.88769531,5133.45507813,5570.70556641,5239.33789063,5331.60058594,5399.59863281,4561.73779297,4717.56835938,5019.70117188,5489.07080078
112,"Iran, Islamic Rep.",IRN,80.85904694,94.61769867,105.77094269,116.61520386,142.40454102,174.84387207,199.80201721,248.38494873,302.44982910000004,371.42010498,445.66363525,530.71380615,525.58483887,418.88528442,387.37609863,379.27563477,458.25817871,478.36148071,484.28659058
113,Iraq,IRQ,,,,28.153680800000004,53.50862122,53.76188278,57.19505692,98.87436676,132.11465454,167.36329651,150.45606995,168.74902344,183.91607666,199.51622009,190.69332886,156.8372345,154.18597412,214.35633849999996,239.41305542
114,Iceland,ISL,2873.84814453,2557.26953125,3091.28833008,3955.02392578,4497.97412109,5213.47558594,5071.86962891,6085.48486328,4946.0625,3693.55688477,3644.80273438,3866.70727539,3705.37524414,4028.83154297,4474.37402344,4281.57568359,5067.69091797,6109.91210938,6530.93212891
115,Israel,ISR,1513.94470215,1559.08325195,1403.31604004,1433.67077637,1488.16137695,1555.03601074,1593.60986328,1799.73254395,2144.8215332000004,2039.00305176,2234.94970703,2437.04614258,2402.91577148,2678.36181641,2819.57177734,2670.46679688,2813.3359375,3212.79150391,3323.65063477
116,Italy,ITA,1524.23962402,1586.65710449,1762.53759766,2163.02539063,2565.62744141,2677.55224609,2832.69775391,3092.55883789,3504.11157227,3337.75073242,3217.68286133,3392.01269531,3086.30322266,3149.24267578,3154.27587891,2675.67163086,2699.73291016,2809.72143555,2988.99584961
117,Jamaica,JAM,191.47247314,177.26374817,171.27206421,146.88262939,179.38470459,186.54173279,182.25622559,246.01036072,276.53768921,223.11174011,249.08259583,267.73898315,254.50778198,247.21296692,249.72155762,276.05673218,276.45974731,311.87005615,320.97631836
118,Jordan,JOR,159.14764404,170.04580688,174.00019836,171.04766846,184.51148987,193.5009613,202.44813538,227.0579071,293.36459351,328.34686279,305.29360962,313.93478394,305.71707153,289.82498169,297.8348999,310.6847229,298.80722046,337.75540161,330.14187622
119,Japan,JPN,2740.67480469,2479.81152344,2404.64648438,2642.22705078,2875.93359375,2883.30004883,2754.37744141,2772.69702148,3213.69555664,3686.15429688,4060.4909668000005,5087.35644531,5212.18359375,4336.10693359,4099.28027344,3733.37646484,4174.42236328,4121.03662109,4266.58691406
120,Kazakhstan,KAZ,50.99633026,51.56954956,59.46535873,76.02937317,112.70569611,144.70140076,177.00895691,180.50115967,256.54428101,251.49954224,249.26892090000004,303.98086548,377.12728882,370.09402466,380.66009521,319.04992676,263.48373413,281.61776733,275.85461426
121,Kenya,KEN,20.51720238,21.25755501,21.68992996,25.03597069,27.09413719,30.47352028,40.28915024,49.51648712,54.57352448,54.56043243,58.21165848,56.46788025,63.82013702,66.80593872,71.83386993,69.77667999,72.51428223,75.85467529,88.38527679
122,Kyrgyz Republic,KGZ,12.29036808,13.16161728,14.77255917,22.32097054,27.23155403,36.11393356,45.97068405,50.84462738,63.82300568,60.65092087,61.45378494,79.82953644,99.98524475,104.78458405,94.01564789,80.11972809,71.92367554,76.98123169,85.73608398
123,Cambodia,KHM,19.73148346,22.56181908,24.55773354,25.21769905,28.98029327,32.49455261,33.02605438,30.96165657,49.2183609,55.96894836,54.29156113,66.20181274,69.04489136,71.99204254,73.28150177,72.03400421,77.65436554,82.05518341,90.55628204
124,Kiribati,KIR,68.88991547,90.62192535,98.50437927,108.27010345,140.29519653,139.9230957,134.90600586,156.48007202,200.83670044,176.545578,139.495224,148.80270386,154.00323486,162.52476501,162.96076965,123.34639740000001,147.77731323,175.06552124,196.84797668
125,St. Kitts and Nevis,KNA,458.55938721,451.68023682,473.88653564,487.41549683,491.52450562,551.97991943,678.22387695,692.07739258,856.41271973,842.46270752,828.48223877,872.8114624,829.82159424,877.50299072,804.45458984,884.84606934,1006.6371460000001,1030.47888184,992.59179688
126,"Korea, Rep.",KOR,473.98675537,508.28076172,544.26074219,644.14923096,717.87432861,886.47064209,1065.26647949,1223.17443848,1149.70861816,1106.06408691,1366.38439941,1512.45251465,1566.12280273,1701.15441895,1898.92089844,1918.68969727,2034.43676758,2258.66821289,2542.81811523
127,Kuwait,KWT,463.85983276,598.41436768,637.44885254,715.62805176,744.81292725,846.28430176,964.01898193,976.56640625,1072.81335449,1453.46044922,1063.56469727,1272.99243164,1337.65258789,1276.94506836,1409.09362793,1199.36352539,1114.57995605,1560.54174805,1711.22338867
128,Latin America & Caribbean (excluding high income),LAC,275.802157287086,268.83052509248904,230.861627846935,241.761932854639,273.588183419117,330.093219564411,385.522088936324,461.34462622817904,529.6250159480941,525.002806686983,628.946040362024,714.7043392755901,711.673186937689,740.457059910442,746.078430595787,659.016525185379,621.713251185579,709.624802658607,654.160533730017
129,Lao PDR,LAO,14.38795185,14.76590061,13.1817894,17.97390747,16.57514763,17.68591881,19.59955788,25.21406746,27.189655300000002,36.23551178,34.97488022,27.45368385,32.83571243,43.81321716,45.93084335,52.37848282,54.50793457,61.20571136,57.11195755
130,Lebanon,LBN,479.60198975,459.46578979,418.09030151,385.02694702,370.42245483,345.35742188,400.70999146,445.77624512,477.75701904,515.38916016,577.359375,627.64208984,633.50970459,600.77301025,605.24328613,587.45690918,609.06103516,661.42797852,686.46777344
131,Liberia,LBR,12.50086308,10.08628559,8.54358292,7.72558451,22.52964973,26.44708443,25.11979103,37.23071289,35.63352966,44.75388718,45.5770874,55.07883072,56.53076553,59.07529831,65.21392822,73.39692688,69.9858551,56.961223600000004,45.42477798
132,Libya,LBY,244.67500305,253.90991211,180.98594666,189.68850708,201.76945496,212.05680847,234.78422546,275.47912598,321.21362305,355.18661499,399.01916504,309.87866211,,,,,,,
133,St. Lucia,LCA,289.28430176,288.75674438,304.02978516,322.10931396,314.05532837,337.52008057,392.91213989,439.90484619,427.18515015,426.18545532,430.23776245,461.78833008,454.57470703,482.43463135,423.33096313,426.8598938,471.27960205,473.31924438,464.70913696
134,Latin America & Caribbean,LCN,285.236684870217,279.613199669468,238.47420565667198,247.153458727197,280.965735426214,337.324162617738,401.079441599048,478.378683646255,548.166115907336,551.9047440032309,654.898705724123,730.294118082975,733.253737238432,756.6976435437331,760.855972313889,678.805604990769,638.784455478785,727.230486980522,666.92291780532
135,Least developed countries: UN classification,LDC,12.274735707415699,12.2651186095207,13.281465374783599,15.2737034754502,18.1643138013158,20.376299746795798,23.8804766980614,28.311736459319302,32.9531105331984,33.7749470132707,35.010758122866996,39.4565185789921,40.1068526350181,43.903257380601794,45.9756696302955,46.61947216348761,45.50203767828429,48.3333867536498,42.821909003059396
136,Low income,LIC,15.2204132170941,14.0378558099199,15.032017178145,16.9850700899181,19.9242763315509,22.608109814637498,26.3915839654146,32.2868478117484,36.3816382618916,37.321729958154705,38.1167946015701,40.8687548352214,39.263283976408,41.530490206814704,43.5380889315533,44.869315590694704,43.150754297634705,45.5809294467674,34.602946557294395
137,Liechtenstein,LIE,,,,,,,,,,,,,,,,,,,
138,Sri Lanka,LKA,43.71691132,41.32370377,42.84844971,42.36933517,50.92406845,57.303466799999995,65.39842987,73.7281723,92.90744781,100.3218689,108.27518463,118.97396851,113.44898224,137.64352417,137.67100525,149.96318054,151.47502136,158.7149353,157.46585083
139,Lower middle income,LMC,23.849461076058997,25.224836790337,26.097048298484697,29.7904911845762,33.8278202865299,39.523452970194505,45.337586081867705,53.9959855318058,61.2485889307576,62.827380424572404,73.1589870356393,82.4744249919728,86.39507017319981,89.53854366272779,89.58782961521521,87.38379883609258,89.1193275142915,93.19972058448471,97.6742856132818
140,Low & middle income,LMY,60.669319277488,60.936804591823,60.1326359589155,67.4090761850358,78.0191763341479,91.8816741026732,106.200766718963,127.761873814025,152.588259156059,156.47123857598302,180.012609793963,208.342991396028,221.837449492146,238.37080151896598,244.10819558257802,232.469913102845,229.749039443018,253.03571035931,264.203419086749
141,Lesotho,LSO,26.23996544,26.13252449,22.34071541,31.49400139,40.47372437,40.76879501,48.55776596,65.21094513,68.62264252,80.58473969,94.69707489,125.03486633,117.13769531,116.80801392,113.72309875,103.63265228,89.38617706,111.64142609,124.78967285
142,Late-demographic dividend,LTE,88.01362895540551,88.83012338811359,94.44091664472842,105.449480316843,123.847126535214,148.500538267617,175.81432078273997,216.847839522033,273.86371333636504,285.693477586208,325.19031258641303,385.469992974564,414.048049202385,453.942075119494,475.732860498898,446.187652603822,449.31570570686597,505.89055610693003,548.53850756754
143,Lithuania,LTU,217.17613219999998,218.81802368,254.36688232,338.86306763,366.95968628,438.93267822,536.05737305,704.29315186,936.50933838,864.73638916,805.2244873,925.47161865,896.93707275,958.92718506,1021.23297119,920.19976807,988.5279541000001,1083.30334473,1249.25463867
144,Luxembourg,LUX,2901.19995117,3109.20141602,3600.86743164,4607.40283203,5610.35351563,5818.14599609,6070.73583984,6671.26513672,7578.74951172,7670.59375,7459.83544922,7174.73925781,6029.47509766,6356.64453125,6547.03466797,5421.93212891,5475.13964844,5713.11865234,6227.08398438
145,Latvia,LVA,181.57072449,205.02047729,237.29516602,280.50878906,393.29806519,440.80975342,552.30157471,775.19152832,913.52148438,744.66162109,689.07720947,764.59173584,745.51745605,807.13000488,856.76654053,775.86431885,874.79772949,932.50158691,1101.49255371
146,"Macao SAR, China",MAC,,,,,,,,,,,,,,,,,,,
147,St. Martin (French part),MAF,,,,,,,,,,,,,,,,,,,
148,Morocco,MAR,53.68618393,55.949829099999995,63.52367401,79.60365295,93.63453674,97.53405762,110.10379791,137.54327393,155.53877258,169.95036316,169.00949097,177.28041077,169.95767212,180.20198059,170.74113464,148.03874207,154.1124115,161.45051575,174.78184509
149,Monaco,MCO,1408.09423828,1431.09790039,1560.75720215,2214.74414063,2570.39013672,2628.19311523,2706.68188477,3039.02783203,3573.52148438,3523.19042969,3509.35888672,3677.42016602,3519.94067383,3817.89868164,3947.42358398,3365.92724609,2765.08447266,2751.73144531,2968.50048828
150,Moldova,MDA,21.37988472,25.39859009,33.9242363,38.43836975,64.60714722,79.33213043,100.10816193,135.44366455,185.56115723,208.53004456,198.28894043,214.98246765,223.61895752,231.66229248,230.76982117,186.43643188,171.18476868,191.19487,212.97038269
151,Madagascar,MDG,12.86519241,15.53348637,15.12862587,17.46053123,15.03719425,16.50335312,17.19776154,19.67164612,22.19978905,20.83815002,21.95882225,23.59220695,19.57540894,19.53066635,22.99704552,22.90582275,24.48439217,24.68006706,22.049755100000002
152,Maldives,MDV,221.92073059,230.17086792,247.30165099999996,235.61952209,294.9519043,321.31842041,387.12332153,462.99023438,758.71099854,669.8102417,600.64434814,577.66296387,630.14251709,645.06054688,672.11962891,785.03161621,946.81115723,885.08428955,973.53692627
153,Middle East & North Africa,MEA,147.787409962451,154.906271780496,153.596079438327,150.607721586431,165.882076925379,185.27060088019797,207.608482525631,242.60534630476897,287.223053763048,318.98187496203496,341.463805895214,391.247742541024,414.235949882296,431.693804567723,453.687785111202,429.26797069254997,452.463119152098,501.541246419554,520.8899277288231
154,Mexico,MEX,318.46151733,363.67358398,385.09851074,411.42242432,445.62039185,483.09536743,512.83319092,556.0402832000001,570.83050537,490.56585693,553.9777832000001,581.71026611,598.34881592,637.15966797,614.97424316,556.86657715,490.79937744,512.06567383,519.60546875
155,Marshall Islands,MHL,430.91806030000004,386.68041992,361.07345581,351.06369019,421.23681641,543.75585938,562.32507324,476.05795288,461.63223267,437.64831543,449.41348267,453.55798339999996,471.89392089999996,492.96929932,476.25930786,546.98797607,605.28155518,587.55316162,643.06591797
156,Middle income,MIC,63.9224781534002,64.3464815988349,63.681023155991106,71.42360267846242,82.7262447113578,97.5936510720892,112.898079470234,135.916317146893,162.687062919076,167.00162030677402,192.72756055878003,223.584992388178,238.725392009753,256.134635384054,262.530113517311,250.005674801963,246.59048419563499,272.49229108532603,286.11081439072996
157,North Macedonia,MKD,164.47364807,152.15872192,175.036026,217.21655273,233.99182129,233.10673523,245.67073059,265.36270142,314.14532471,296.66540527,305.2322998,329.95043945,310.77499389999997,350.2098999,343.87866211,306.9151001,327.49136353,358.30688477,399.09707642
158,Mali,MLI,14.75309944,13.89508247,16.74376488,19.82828903,22.97034264,25.39648056,28.51480293,31.34812164,35.02916718,36.54620361,33.20299911,33.59200668,29.21658516,31.9307003,37.96685791,30.884031300000004,29.44280052,34.00102997,34.95166016
159,Malta,MLT,647.10150146,685.98400879,830.64630127,1074.09313965,1223.85742188,1379.68640137,1474.48449707,1596.12316895,1751.16503906,1677.36230469,1733.66882324,1960.06115723,1898.60144043,2121.08227539,2456.43481445,2243.46704102,2321.15332031,2551.71606445,2753.51098633
160,Myanmar,MMR,4.33537483,4.48454952,6.86361122,6.37247419,6.79912138,7.41623688,8.21358681,9.61486912,14.25486851,18.11137199,19.6023674,26.56099129,36.11348343,36.53030014,52.62075806,61.70107269,57.93581772,57.859272,59.20605469
161,Middle East & North Africa (excluding high income),MNA,80.0807036117214,85.05642538488091,86.27958084241409,83.6791452360832,96.3382145571862,108.010408433066,121.18011748889299,148.053191128393,180.590282822772,204.896864306391,225.539867295985,255.588651718105,266.103631818,255.080839327588,253.902872926144,240.91208581986697,262.168312008864,264.582693779635,273.554550905178
162,Montenegro,MNE,,,,,,,,,,,,,,,,,,,731.48168945
163,Mongolia,MNG,27.00856018,26.48761559,29.65744781,26.50799942,33.172965999999995,37.50867462,50.02914047,66.53733063,97.36168671,76.45706177,98.84479523,134.75062561,167.76242065,177.58248901,174.24235535,166.08277893,161.90859985,146.96208191,155.09367371
164,Northern Mariana Islands,MNP,,,,,,,,,,,,,,,,,,,
165,Mozambique,MOZ,7.10689354,8.87072754,10.28336811,11.53792667,14.07469845,18.23710632,17.79965973,19.75497627,24.300821300000003,26.94626808,25.175146100000003,29.33419418,34.50271606,40.73832703,42.45389938,39.61871719,30.72076035,35.949855799999995,40.26391602
166,Mauritania,MRT,22.87253761,23.09371185,25.60963631,28.95334435,30.72266579,33.05524826,34.04533005,39.03982544,47.60751343,43.22557068,42.47654724,46.50239563,48.08863068,54.26546097,58.04791641,55.98908615,47.35323715,51.61418533,54.48972321
167,Mauritius,MUS,118.97707367,119.46853638,135.94143677,162.00184631,189.92880249,197.67504883,209.14854431,235.85057068,321.81631469999996,310.15560913,367.12078857,396.6121521,398.12188721,452.45565796,559.44458008,529.16137695,553.21362305,599.44421387,653.347229
168,Malawi,MWI,9.09148884,7.73601103,11.26799107,12.50175095,16.20174026,17.5325985,21.31405258,25.46150398,33.32744598,36.23827744,34.66256714,40.08781815,33.20030212,40.3452301,36.05779648,35.68380356,30.94216537,33.99734879,35.49821854
169,Malaysia,MYS,111.33849335,114.60871887,121.8090744,142.74668884,154.93487549,163.93273926,203.21253967,233.85643005,268.39004517,250.25923157,292.00302124,352.26922607,382.66152954,391.89956665,427.66070557,379.90048218,362.11486816,380.68572998,427.21704102
170,North America,NAC,4313.69333170964,4635.05488578243,5020.53177319558,5428.707914617829,5790.958788987521,6143.99382249776,6521.6409962772605,6879.531666712379,7119.878113641659,7352.86105002948,7644.722925073729,7855.2775918513,8106.53361644226,8280.83807127702,8639.636285189741,9002.74279919915,9348.370514597009,9667.61228418669,10050.5162864711
171,Namibia,NAM,213.26727295,188.20231628,179.54959106,263.33148193,358.15893555,386.44033813,416.17221069,469.61209106,412.71463013,383.66226196,517.23760986,562.59106445,550.49810791,488.86352539,459.94418335,488.69061279,423.87445068,468.04055786,471.48568726
172,New Caledonia,NCL,,,,,,,,,,,,,,,,,,,
173,Niger,NER,10.58441544,11.08416271,12.42963505,14.61135769,16.08820152,20.27094841,21.34530449,22.24166489,26.18297386,27.05620766,23.85829926,24.89789391,22.76922607,24.62716293,25.02994919,25.87792969,22.55697441,28.80011749,30.35857964
174,Nigeria,NGA,17.73399734,18.60057449,18.20248985,39.43843842,44.63315582,54.55794525,66.54981232,70.07374573,81.24026489,68.99747467,76.75720978,84.46413422,92.61115265,102.55484009,107.90875244,97.80262756,79.37476349,73.93003845,83.75351715
175,Nicaragua,NIC,52.80468369,57.04565811,57.37988281,61.17759705,65.40616608,72.34895325,77.98773193,92.37856293,107.45199585,111.01232147,115.95102692,123.3549881,131.83006287,138.38568115,154.28338623,163.22993469,169.6340332,180.32734680000002,173.76611328
176,Netherlands,NLD,2028.18139648,2175.73046875,2544.8137207,3244.35644531,3689.46435547,3823.48095703,4080.21972656,4696.14160156,5382.44580078,5282.74316406,5191.69384766,5562.12109375,5284.64990234,5532.7265625,5601.88574219,4676.57666016,4734.83349609,4910.89941406,5306.53466797
177,Norway,NOR,2948.93164063,3099.00341797,3889.95947266,4632.56835938,5097.34423828,5584.68945313,5892.98730469,6895.56054688,7768.05029297,7301.95996094,7859.51611328,8900.37207031,8970.12011719,9241.265625,9118.31738281,7565.54980469,7496.76855469,7815.78662109,8239.09570313
178,Nepal,NPL,8.55345249,10.52144337,10.71954441,11.33715725,13.22838974,14.45738506,13.94222355,17.40269661,19.09256172,21.09090996,29.98280716,34.68226624,34.330070500000005,36.02222443,43.16950226,47.8875351,48.31941986,50.8261261,57.84656143
179,Nauru,NRU,456.17263794,346.12982178,298.30627441,275.37780762,219.68704224,335.6072998,371.06350708,598.22039795,819.06286621,566.47998047,651.53131104,697.89941406,886.1394042999999,838.43560791,1007.96936035,1143.24658203,1369.53967285,1217.5111084,965.80072021
180,New Zealand,NZL,1053.89160156,1049.37609863,1246.31347656,1610.93762207,1983.65881348,2295.17797852,2301.8918457,2699.4128418,2839.17895508,2700.97705078,3216.22363281,3625.77246094,3805.97167969,3954.66699219,4143.78808594,3582.27294922,3746.47680664,3940.39038086,4037.46289063
181,OECD members,OED,2157.30900721043,2233.88350818925,2414.8671318763395,2737.5041410745803,3015.27199589326,3176.9498212080102,3346.22543377311,3634.89283334546,3892.94843729454,3936.94025996628,4072.12235375901,4368.87744652903,4380.39695974509,4411.46358089846,4527.75669948802,4372.16142898004,4507.5440577713,4659.97474545913,4885.4874477179
182,Oman,OMN,263.51751709,261.31637573,274.37960815,287.66351318,301.33010864,320.21218872,333.23526001,384.20870972,445.49792479999996,476.11990356,529.08093262,533.03204346,559.01855469,584.1394042999999,710.04162598,695.19116211,637.19128418,601.21783447,678.23101807
183,Other small states,OSS,227.981120048021,224.96093410027902,249.042030071176,314.220038356829,363.296628883303,395.70703445356,419.789560396488,489.35651880412,534.660220020819,509.58776900553397,522.7028732917121,566.8778245992401,574.508350061916,620.342832078764,660.777638525188,624.879950063098,620.73987504995,648.18005918869,681.014552950955
184,Pakistan,PAK,15.58189678,13.58520126,15.18973827,14.45083237,15.63451576,19.88389397,24.99266052,28.44916725,25.72966003,24.05052757,25.25600243,27.06708717,27.04106331,29.97559357,34.69661713,35.98087311,38.91104126,42.25715637,42.87313461
185,Panama,PAN,285.20233154,281.00451660000004,291.9536438,286.98504639,326.21090698,304.47799683,350.74438477,427.22872925,489.81594849,530.07055664,572.6137085,616.99951172,703.82843018,790.77667236,885.66424561,928.09674072,1050.24365234,1046.33679199,1131.66015625
186,Peru,PER,87.61366272,95.54106903,103.8370285,110.17896271,115.71817017,122.17097473,141.21714783,158.85267639,189.55740356,208.88055419999998,242.19200134,269.99850464,310.91369629,319.20242310000003,335.77770996,315.95455933,318.45950317,340.19854736,369.07846069
187,Philippines,PHL,32.77544785,28.20890999,27.33049011,32.2433815,34.17014694,46.57011795,54.86775589,65.47948456,77.18696594,79.30064392,91.60559845,98.64657593,112.54360962,122.72746277,116.86023712,123.90010071,129.6149292,132.57896423,136.53881836
188,Palau,PLW,678.14367676,639.46069336,665.66986084,701.31958008,828.78088379,873.77191162,934.90930176,1003.2779541000001,1000.2454833999999,1037.08776855,1183.16674805,1176.57580566,1392.04858398,1535.4510498,1678.01208496,1805.98583984,2031.47277832,1947.85327148,1723.45532227
189,Papua New Guinea,PNG,17.84069252,17.44826126,19.96473694,21.63471603,25.62973022,27.67082405,30.49430084,33.9405365,35.72151947,37.88201141,41.08378601,55.21439743,74.42443085,81.8216095,95.54537964,48.73184967,58.48953247,60.09675598,63.7678833
190,Poland,POL,238.00448608,282.82104492,315.83145142,339.33520508,392.00338745,465.70019531,524.09747314,660.92468262,892.59686279,759.60577393,809.19940186,866.09466553,815.1418457000001,878.08850098,911.29815674,803.95965576,813.47277832,909.57818604,978.73565674
191,Pre-demographic dividend,PRE,17.2579993404835,17.1803076079687,17.853226788058397,25.425879097002397,30.958708317599,35.4100079612478,42.2782624890784,49.3983427462148,57.8501421208477,55.6889802314968,56.7119771798499,63.0130285497548,64.7031455935366,71.4801708847396,72.9081074600521,67.44858125863651,62.8642249154837,66.4149959591426,63.3194926594604
192,Puerto Rico,PRI,,,,,,,,,,,,,,,,,,,
193,"Korea, Dem. People's Rep.",PRK,,,,,,,,,,,,,,,,,,,
194,Portugal,PRT,969.55218506,989.62115479,1110.3873291,1409.02941895,1682.24243164,1774.18530273,1814.21362305,2069.86083984,2331.42993164,2288.64355469,2215.25732422,2210.58740234,1918.49072266,1959.98156738,1989.54211426,1725.22290039,1880.15686035,2003.26330566,2215.17358398
195,Paraguay,PRY,91.54776764,78.92408752,54.52845001,58.68876648,71.06072235,75.27656555,96.14305115,124.28643799,168.18203735,161.84889221,200.66429138,268.85556030000004,339.38284302,361.29684448,405.62231445,364.78915405,357.74761963,378.01821899,400.39273071
196,West Bank and Gaza,PSE,,,,,,,,,,,,,,,,,,,
197,Pacific island small states,PSS,89.23893884894491,85.99524111889829,94.5504201609042,100.76857320829399,124.718610834789,147.86489644263798,146.38978483158502,153.77118170742,156.536236197637,152.304938194469,169.909765886151,175.55090482204497,182.32341130470698,188.886940985872,198.084714056347,188.40490185932202,194.373488885379,198.44219118435,206.81030257639702
198,Post-demographic dividend,PST,2485.0321632038103,2578.5113658943696,2794.9240296366497,3177.6066120356,3502.70437651012,3690.1152731645598,3890.2629110982793,4223.64402283676,4521.36872587113,4599.5784842094,4757.14760963378,5118.63681946786,5142.20527436028,5177.73717110014,5331.73727913211,5175.6999121013705,5356.74100780146,5544.92998690734,5832.623234217071
199,French Polynesia,PYF,,,,,,,,,,,,,,,,,,,
200,Qatar,QAT,602.11584473,659.98406982,742.26904297,1218.35241699,1295.11181641,1321.93945313,1311.67602539,1290.98693848,1283.84924316,1270.24853516,1206.00305176,1318.52197266,1487.32019043,1765.82836914,2041.58947754,1999.58276367,1822.36999512,1667.37255859,1716.26513672
201,Romania,ROU,69.89345551,78.81753540000001,96.57698822,143.54553223,190.7950592,254.52961731,291.00408936,415.06790161,521.31561279,449.37692261,472.20751953,426.59973145,401.67105103,495.23623657,503.34753418,442.24038696,476.24505615,555.11309814,687.25439453
202,Russian Federation,RUS,95.4120636,118.10948944,140.75538635,164.6477356,209.19709778,271.88461304,352.55194092,461.50531006,609.16021729,515.85449219,566.09088135,682.6605835,757.04455566,807.07653809,737.64923096,498.05596924,464.89776611,579.67218018,609.00915527
203,Rwanda,RWA,9.322052000000001,7.92092705,7.30057716,17.31920624,20.55388832,25.63013649,27.64455414,34.4347496,41.09491348,45.26377106,49.29988861,53.06285095,58.85438538,49.14559174,51.86009598,49.96376419,51.88179779,52.86735153,58.30852127
204,South Asia,SAS,17.4912257880137,18.261524073668397,18.8312494682378,20.190219478215898,22.916456725590102,25.5394996470196,27.7548587818188,33.29763853859,35.1148371510633,35.6080152008208,41.4278420299498,44.72550605583611,44.9708141666504,51.353249137796794,53.0586341356294,55.10007501489571,56.9321957869675,64.2932081302812,67.1556693148879
205,Saudi Arabia,SAU,386.25921631,387.48629761,369.50018311,382.3901062,400.87582397,471.11944580000005,556.06555176,587.97845459,596.52648926,691.32269287,702.67108154,881.39575195,1014.6996460000001,1109.5057373,1278.9765625,1237.33349609,1160.04992676,1456.9395752,1484.59338379
206,Sudan,SDN,15.23164654,16.57659912,18.30408287,24.7358799,32.12231064,40.80571747,61.05639648,90.58113861,92.22037506,95.33586884,93.45315552,134.80764771,102.54393768,127.16286469,116.93514252,158.89530945,165.85246277,192.60665894,60.17465973
207,Senegal,SEN,21.67036438,23.83636856,26.79411125,35.65910339,42.50958252,36.46347809,38.64305115,40.83710861,49.03627014,50.08225632,51.16491318,57.52281189,56.23128891,60.18459702,61.31621170000001,53.41298294,54.07107544,55.10048676,58.90360641
208,Singapore,SGP,797.29034424,696.6171875,757.1998291,852.96881104,867.51263428,908.94598389,990.80169678,1121.3425293,1295.24987793,1328.52478027,1496.77600098,1676.00183105,1828.89758301,2078.59448242,2206.10742188,2302.59960938,2476.17456055,2619.08081055,2823.63818359
209,Solomon Islands,SLB,48.76208496,63.40198898,80.12024689,55.58278275,66.74427032,91.19007874,89.24143219,89.9045105,78.39006805,99.86914825,133.34992981,115.50505066,106.24951172,106.36219025,114.35965729,99.42734528,99.27577209,97.43276978,94.96378326
210,Sierra Leone,SLE,23.31109047,25.17224312,28.83034897,28.85776711,29.22132874,32.27239609,33.61574173,36.16654587,40.335495,43.41863632,43.97430801,59.54336929,59.97772979999999,82.92147827,140.99243164,120.91239929,87.10140228,82.54949188,85.77548218
211,El Salvador,SLV,178.63192749,182.88064575,186.45817566,185.73675537,193.61167908,204.89703369,208.53170776,212.81809998,224.84251404,240.05223083,245.70858765,265.99981689,258.47689819,270.87976074,275.68740845,282.74533081,293.25802612,282.03674316,288.51745605
212,San Marino,SMR,2151.65087891,2172.1965332,2248.69091797,2496.62768555,2908.69506836,3004.91552734,3211.68847656,3741.92211914,4301.01953125,4209.33154297,3991.24389648,4248.47705078,3984.97753906,3993.2644043000005,3835.26342773,3102.81738281,2958.55493164,3287.47387695,3463.70068359
213,Somalia,SOM,,,,,,,,,,,,,,,,,,,
214,Serbia,SRB,56.50499725,112.2206192,173.27404785,230.10708618,274.42855835,307.56558228,371.55731201,547.19036865,671.95648193,575.46911621,545.29107666,619.08001709,559.81359863,627.53302002,608.85858154,491.25177002,486.42944336,515.84588623,617.08654785
215,Sub-Saharan Africa (excluding high income),SSA,32.221602842114,30.1023102493611,28.6693522493742,41.3169351694549,50.006717849051704,56.1485141405875,62.485736176380605,69.201596597238,74.2585119821792,73.503910366913,83.63726013335071,91.7740580637458,91.4196996709763,93.2017063897982,92.79643239522119,86.55869998800091,79.6756012661853,84.1287106224034,83.1807940240755
216,South Sudan,SSD,,,,,,,,,,,,,,,,,,26.38130379,26.78586388
217,Sub-Saharan Africa,SSF,32.2619881455412,30.149047962734798,28.7128434157272,41.3647729042444,50.05890183544379,56.200794561532,62.538684792854006,69.24581300711571,74.2972830145211,73.5349674729712,83.68275005137049,91.81825356193441,91.47537859725959,93.2552937191947,92.85274814821871,86.6143978026556,79.7413545533349,84.1929153850523,83.2490352335023
218,Small states,SST,224.370396058088,220.809209126166,242.486283398385,290.858284688449,336.21855071407396,368.382314854868,391.163440564211,454.686607583934,497.279446549923,476.476139656422,492.710469856258,529.98370171565,538.613370904074,576.760972283956,609.754048501899,587.312777591629,584.4156920529821,613.385775771237,641.478070625814
219,Sao Tome and Principe,STP,56.68047333,53.57339478,57.77625275,80.15371704,80.71757507,91.52962494,68.29799652,71.05831909,78.14442444,76.83090973,74.93682098,85.38578796,86.81771088,125.17603302,120.006073,85.22420502,109.98060608,117.01068115,125.40039825
220,Suriname,SUR,168.91874695,93.65898895,162.90910339,173.20463562,221.22236633,251.28858948,325.91387939,321.17236328,347.25408936,394.90219116,415.29910278,390.14077759,422.10107422,451.7543335,458.56610107,532.49725342,351.94192505,335.10848999,474.1265563999999
221,Slovak Republic,SVK,203.50627136,212.22207642,254.12765503,344.47335815,511.52987671,601.31323242,729.01324463,1029.30041504,1251.67724609,1320.09301758,1296.54284668,1352.43835449,1319.43835449,1370.46765137,1289.34838867,1108.87817383,1175.5970459,1189.07226563,1299.91137695
222,Slovenia,SVN,796.64703369,826.22576904,944.87139893,1203.06347656,1368.64868164,1449.18920898,1541.66430664,1795.95043945,2179.45239258,2125.05688477,2017.14660645,2147.80517578,1974.85400391,2055.38134766,2062.38476563,1775.86083984,1835.40734863,1925.03479004,2169.57910156
223,Sweden,SWE,2173.19384766,2155.44018555,2458.13012695,3109.14868164,3486.53540039,3545.95507813,3763.10546875,4307.14453125,4626.63867188,4137.5,4420.25976563,6354.29199219,6254.64501953,6696.1171875,6605.98730469,5595.03320313,5674.47753906,5838.21533203,5981.70605469
224,Eswatini,SWZ,79.68417358,78.20019531,77.6235733,137.04960632,183.92892456,227.47303772,248.58961487,263.86819458,277.90585327,292.29440308,358.12390137,380.85736084,354.07363892,315.44937134,293.08114624,259.51907349,233.63514709,273.17822266,271.14007568
225,Sint Maarten (Dutch part),SXM,,,,,,,,,,,,,,,,,,,
226,Seychelles,SYC,349.9909668,407.33175659,378.22894287,440.62420654,499.00079346,516.03625488,531.09979248,469.20864868,426.68798828,362.47619629,513.08441162,531.92407227,655.69146729,641.06793213,675.30340576,665.45111084,772.44891357,777.85449219,833.07897949
227,Syrian Arab Republic,SYR,54.21872711,58.47392654,63.93671417,61.29418945,61.67289352,63.55982208,65.62462616,75.41347504,86.41690063,90.49646759,92.73750305,80.71446228,69.83010864,,,,,,
228,Turks and Caicos Islands,TCA,,,,,,,,,,,,,,,,,,,
229,Chad,TCD,10.23765469,11.79921436,18.12550163,18.198349,28.227394099999998,31.98035049,34.6416626,34.82590866,37.71233368,35.68569183,36.28798676,38.49904251,37.41161346,39.95672226,43.72490692,35.09303284,34.352211,29.49969864,29.23851013
230,East Asia & Pacific (IDA & IBRD countries),TEA,37.951893021444,39.0832875164164,43.6062961968707,49.800280386526204,56.0171379512236,64.3272359356608,73.8762687840383,88.42999230856529,115.61280950042,137.417852417658,159.754672861758,198.72089844326197,232.32714829198898,263.910296689313,287.351830366466,306.333321135856,311.54077667824697,341.806883547023,387.211724035234
231,Europe & Central Asia (IDA & IBRD countries),TEC,106.549955328048,115.422621549295,135.403677706051,163.992033831479,204.562169008079,254.85819333183898,306.42465915076804,389.713917437158,490.26823670815804,423.187033142534,456.498815923163,507.207234310403,532.183626050177,566.8844428591871,537.465799749656,418.54364433454003,408.221069026734,456.275905000149,475.83065671093203
232,Togo,TGO,10.0020895,10.01389408,11.27595139,13.87164688,15.23324203,16.12846947,16.95442963,19.91258812,24.14238548,26.69591522,31.4792347,35.15558624,35.11561584,39.1137619,40.70421219,35.66401672,39.26917267,37.47055817,41.83677292
233,Thailand,THA,62.264949800000004,57.29465866,69.9021225,76.5091095,83.49951172,91.44425964,104.44601440000001,126.84955597,151.50726318,152.48556519,172.09297180000002,195.97273254,206.46482849,212.99855042,219.29573059,214.20657349,224.99452209,252.07806396,275.91650391
234,Tajikistan,TJK,5.97125244,7.67240763,8.35373688,11.17181587,14.93279171,17.73142815,20.43570137,29.1230545,42.08819199,39.581863399999996,42.9864502,49.65073395,57.97858429,68.94046021,74.59780884,64.16710663,56.20223236,58.16766357,59.84311676
235,Turkmenistan,TKM,76.63774109,123.79406738,132.51860046,208.86752319,319.25836182,345.14273071,374.18310547,281.93478394,255.47665405,194.2538147,221.79844666,276.65042114,318.80361938,376.21679688,437.74581909,405.12609863,423.05987549,456.73553467,460.17514038
236,Latin America & the Caribbean (IDA & IBRD countries),TLA,286.927916392625,280.73629550918497,238.27943855453097,246.77241297866502,281.152466483274,336.607733856956,400.49842401332296,475.651123731928,546.025671703763,548.5216683752369,654.996290181679,730.214938977985,734.9547303541209,756.7680944792239,758.124521578977,672.25554985314,631.450939930579,721.136364364231,660.055201853645
237,Timor-Leste,TLS,,,,14.702826500000002,19.33460426,24.51493263,26.80820465,29.59138489,42.76674271,49.46465683,52.1896553,64.26586914,71.61464691,103.2798233,93.70611572,102.22695923,93.38000488,86.74797058,93.69417572
238,Middle East & North Africa (IDA & IBRD countries),TMN,80.0807036117214,85.05642538488091,86.27958084241409,83.6791452360832,96.3382145571862,108.010408433066,121.18011748889299,148.053191128393,180.590282822772,204.896864306391,225.539867295985,255.588651718105,266.103631818,255.080839327588,253.902872926144,240.91208581986697,262.168312008864,264.582693779636,273.554550905178
239,Tonga,TON,58.27169418,59.96763992,68.0438385,74.03245544,110.70254517,116.76342009999999,159.3008728,144.00927734,202.76853943,126.35308075,177.96894836,169.75524902,226.49685669,183.2253418,226.12745667,187.3837738,215.39395142,232.75964355,236.93453979
240,South Asia (IDA & IBRD),TSA,17.4912257880137,18.261524073668397,18.8312494682378,20.190219478215898,22.916456725590102,25.5394996470196,27.7548587818188,33.29763853859,35.1148371510633,35.6080152008208,41.4278420299498,44.72550605583611,44.9708141666504,51.353249137796794,53.0586341356294,55.10007501489571,56.9321957869674,64.2932081302812,67.1556693148879
241,Sub-Saharan Africa (IDA & IBRD countries),TSS,32.2619881455412,30.149047962734798,28.7128434157272,41.3647729042444,50.05890183544379,56.200794561532,62.538684792854006,69.24581300711571,74.2972830145211,73.5349674729712,83.68275005137049,91.81825356193441,91.47537859725959,93.2552937191947,92.85274814821871,86.6143978026556,79.7413545533349,84.1929153850523,83.2490352335023
242,Trinidad and Tobago,TTO,277.21578979,284.29602051,338.28552246,374.00271606,449.84872437,553.06860352,593.2364502,696.38708496,784.50317383,810.79681396,861.51055908,911.38299561,934.34265137,1013.18231201,1054.44580078,1107.18554688,1106.50854492,1128.59362793,1123.42370605
243,Tunisia,TUN,111.66085052,114.88658905,125.91226959,150.82670593,169.67736816,172.34443665,181.3711853,205.00958252,233.33903503,234.10635376,243.71401978,274.30752563,274.34341431,289.54177856,293.09716797,270.46969604,258.75515747,252.72486877,251.54672241
244,Turkey,TUR,199.49937439,153.62274169999998,186.69137573,238.68717957,299.56063843,364.90805054,416.92852783,512.8482666,570.85894775,500.19305419999995,539.32714844,531.4185791,524.25030518,551.40124512,525.84472656,453.11648560000003,466.79479979999996,442.61761475,389.86557007
245,Tuvalu,TUV,359.10177612,272.0803833,218.12919617,287.87768555,228.37380981,242.88703918,298.6590271,295.29885864,314.48632813,375.97106934,500.05596924,567.47424316,532.04663086,628.64202881,567.96411133,531.26647949,547.8984375,633.36108398,692.52111816
246,Tanzania,TZA,12.6108675,15.53204632,17.41364098,20.81579018,23.90641594,28.24069595,36.27006531,36.90998459,36.88764572,34.07072067,37.53247833,38.04220581,42.28381729,43.77843857,40.15260315,33.58756638,37.18800735,35.4696846,36.82281494
247,Uganda,UGA,19.10987282,20.65848732,22.57953644,22.38943672,31.77279472,39.42023468,44.78743744,53.47136688,59.04119873,57.60364151,65.54209137,56.27164841,55.96831131,52.21765137,52.90937424,43.72704315,42.19992828,41.95800781,43.13787842
248,Ukraine,UKR,35.13175964,44.78644179999999,52.87649155,68.91546631,84.58253479,116.33116913,148.37510681,185.91156006,215.78677368,168.28643799,202.34086609,243.78082275,275.2192688,280.97668457,212.7696991,157.57748413,157.53770447,187.3952179,228.39007568
249,Upper middle income,UMC,109.050573624853,108.820989537892,106.820495402482,119.132744948031,139.283062902417,165.377088891647,192.48822114517102,233.32445571937902,284.399582329986,293.098728678604,339.37895174937,398.110122600012,429.111494259531,465.936809984327,481.932029634616,457.834542508196,449.27400061214996,504.880616634262,532.153977211144
250,Uruguay,URY,687.93054199,668.95794678,430.25042725,378.65307617,371.60061646,440.45199585,495.2510376,571.99188232,802.45715332,816.29486084,1030.6217041000002,1229.37780762,1329.65795898,1497.06884766,1476.20080566,1406.52233887,1450.14489746,1648.87463379,1590.04821777
251,United States,USA,4564.45507813,4914.94042969,5332.49316406,5741.29931641,6103.58447266,6454.68310547,6821.10742188,7172.16601563,7410.70068359,7681.24755859,7930.15136719,8130.75634766,8399.23925781,8599.52734375,9023.61132813,9491.09082031,9877.87109375,10209.63085938,10623.84960938
252,Uzbekistan,UZB,35.50957489,30.33938026,24.39394188,25.49855804,27.88423538,32.32670975,37.71009445,46.53120804,60.81357193,71.42124939,85.18738556,100.09022522,117.570755,130.42457581,117.65130615,131.83302307,129.17277527,93.00417328,82.26926422
253,St. Vincent and the Grenadines,VCT,157.93586731,171.39845276,184.00230408,186.05574036,195.94268799,204.61106873,216.42692566,251.11401367,262.36767578,270.04330444,286.35494995,278.78964233,299.60882568,303.3605957,291.06469727,282.71343994,294.16442871,310.64202881,329.25665283
254,"Venezuela, RB",VEN,355.14562988,391.50839233,285.63201904,245.40792847,293.34484863,333.33950806,553.40875244,658.04937744,731.87005615,886.77722168,945.89300537,786.2913208,837.36999512,697.52966309,698.87445068,663.76733398,505.40612793,524.91345215,256.94689941
255,British Virgin Islands,VGB,,,,,,,,,,,,,,,,,,,
256,Virgin Islands (U.S.),VIR,,,,,,,,,,,,,,,,,,,
257,Vietnam,VNM,18.91674423,23.18782616,19.65594101,22.37121964,28.7441864,35.03743744,42.29331589,49.50850296,59.16986084,64.43672943,78.63555908,89.58512878,108.93997192,119.52192688,117.41460419,117.86289215,124.05941010000001,140.16532898,151.68611145
258,Vanuatu,VUT,48.71302414,46.25571823,52.87108231,55.42980957,63.296772,62.3782196,68.08332062,73.1243515,82.50093842,83.70121002,100.13548279,114.20265961,117.96515656,129.78491211,106.72694397,116.49732971,82.24130249,85.10228729,105.39158629999999
259,World,WLD,479.830467884419,492.991549542558,523.28867621851,587.496481441774,646.8937225342991,685.908923435159,727.9232291396879,797.342398827736,864.3133410814779,875.732894329077,914.2084295608321,988.756863691058,999.0329753923421,1015.7745174111,1039.91496113911,999.1036361678191,1020.8675417168301,1064.9236804080901,1111.08216727801
260,Samoa,WSM,63.03668213,58.87117767,76.19980621,85.76576996,109.05974579,126.31748962,138.65979004,153.5153656,163.0090332,179.21144104,192.77427673,220.39118958,205.15324402,257.50198364,259.27441406,223.18096924,227.06779480000003,235.40707397,227.32792664
261,Kosovo,XKX,,,,,,,,,,,,,,,,,,,
262,"Yemen, Rep.",YEM,25.82774544,27.19543648,28.01715851,35.71838379,39.15239334,43.37588501,51.00078583,59.23065186,70.82818604,66.81106567,68.86593628,65.56300354,75.14369965,79.7281189,81.05194855,73.17674255,,,
263,South Africa,ZAF,225.53433228,198.68179321,172.22772217,259.36337280000004,329.23864746,361.01333618,369.00524902,392.03070068,377.08743286,417.1151123,543.44128418,600.34326172,581.56524658,527.2868041999999,509.7901001,469.98825073,426.83197021,497.04705811,525.95690918
264,Zambia,ZMB,24.72463989,25.0923233,25.96962738,31.30976868,37.97074127,48.21477509,61.57552338,48.94664383,55.93905258,51.35781097,55.3928299,57.88014603,69.29530334,88.12820435,67.49678802,59.33764267,57.36268997,67.50799561,75.99179077
265,Zimbabwe,ZWE,,,,,,,,,,,99.34855652,88.38669586,90.28307343,101.67493439,116.71053314,107.68700409,113.40885925,112.74193573,140.3203125
